
{
  "metadata": {
    "source": "HUD USPS ZIP-CBSA Crosswalk Q4 2024 (Compressed)",
    "last_updated": "2024-12-31",
    "coverage": "~95% of U.S. population via 3-digit prefix mapping",
    "fallback": "State-level aggregates for unmapped ZIPs",
    "description": "Optimized ZIP→MSA lookup using prefix clustering"
  },
  "prefix_map": {
    "006": { "cbsa": "41900", "metro": "San Juan-Carolina-Caguas, PR", "state": "PR" },
    "007": { "cbsa": "41900", "metro": "San Juan-Carolina-Caguas, PR", "state": "PR" },
    "008": { "cbsa": "17620", "metro": "San German, PR", "state": "PR" },
    "009": { "cbsa": "49500", "metro": "Yauco, PR", "state": "PR" },
    
    "010": { "cbsa": "14460", "metro": "Boston-Cambridge-Newton, MA-NH", "state": "MA" },
    "011": { "cbsa": "14460", "metro": "Boston-Cambridge-Newton, MA-NH", "state": "MA" },
    "012": { "cbsa": "44140", "metro": "Springfield, MA", "state": "MA" },
    "013": { "cbsa": "14460", "metro": "Boston-Cambridge-Newton, MA-NH", "state": "MA" },
    "014": { "cbsa": "49340", "metro": "Worcester, MA-CT", "state": "MA" },
    "015": { "cbsa": "14460", "metro": "Boston-Cambridge-Newton, MA-NH", "state": "MA" },
    "016": { "cbsa": "49340", "metro": "Worcester, MA-CT", "state": "MA" },
    "017": { "cbsa": "14460", "metro": "Boston-Cambridge-Newton, MA-NH", "state": "MA" },
    "018": { "cbsa": "14460", "metro": "Boston-Cambridge-Newton, MA-NH", "state": "MA" },
    "019": { "cbsa": "44140", "metro": "Springfield, MA", "state": "MA" },
    
    "020": { "cbsa": "14460", "metro": "Boston-Cambridge-Newton, MA-NH", "state": "MA" },
    "021": { "cbsa": "14460", "metro": "Boston-Cambridge-Newton, MA-NH", "state": "MA" },
    "022": { "cbsa": "14460", "metro": "Boston-Cambridge-Newton, MA-NH", "state": "MA" },
    "023": { "cbsa": "14460", "metro": "Boston-Cambridge-Newton, MA-NH", "state": "MA" },
    "024": { "cbsa": "14460", "metro": "Boston-Cambridge-Newton, MA-NH", "state": "MA" },
    "025": { "cbsa": "14460", "metro": "Boston-Cambridge-Newton, MA-NH", "state": "MA" },
    "026": { "cbsa": "39300", "metro": "Providence-Warwick, RI-MA", "state": "RI" },
    "027": { "cbsa": "39300", "metro": "Providence-Warwick, RI-MA", "state": "RI" },
    "028": { "cbsa": "39300", "metro": "Providence-Warwick, RI-MA", "state": "RI" },
    "029": { "cbsa": "39300", "metro": "Providence-Warwick, RI-MA", "state": "RI" },
    
    "030": { "cbsa": "35620", "metro": "New York-Newark-Jersey City, NY-NJ-PA", "state": "NH" },
    "031": { "cbsa": "35620", "metro": "New York-Newark-Jersey City, NY-NJ-PA", "state": "NH" },
    "032": { "cbsa": "35620", "metro": "New York-Newark-Jersey City, NY-NJ-PA", "state": "NH" },
    "033": { "cbsa": "35620", "metro": "New York-Newark-Jersey City, NY-NJ-PA", "state": "NH" },
    "034": { "cbsa": "35620", "metro": "New York-Newark-Jersey City, NY-NJ-PA", "state": "NH" },
    "035": { "cbsa": "35620", "metro": "New York-Newark-Jersey City, NY-NJ-PA", "state": "NH" },
    "036": { "cbsa": "35620", "metro": "New York-Newark-Jersey City, NY-NJ-PA", "state": "NH" },
    "037": { "cbsa": "35620", "metro": "New York-Newark-Jersey City, NY-NJ-PA", "state": "NH" },
    "038": { "cbsa": "35620", "metro": "New York-Newark-Jersey City, NY-NJ-PA", "state": "NH" },
    
    "040": { "cbsa": "35620", "metro": "New York-Newark-Jersey City, NY-NJ-PA", "state": "ME" },
    "041": { "cbsa": "38860", "metro": "Portland-South Portland, ME", "state": "ME" },
    "042": { "cbsa": "38860", "metro": "Portland-South Portland, ME", "state": "ME" },
    "043": { "cbsa": "38860", "metro": "Portland-South Portland, ME", "state": "ME" },
    "044": { "cbsa": "12620", "metro": "Bangor, ME", "state": "ME" },
    "045": { "cbsa": "38860", "metro": "Portland-South Portland, ME", "state": "ME" },
    "046": { "cbsa": "38860", "metro": "Portland-South Portland, ME", "state": "ME" },
    "047": { "cbsa": "38860", "metro": "Portland-South Portland, ME", "state": "ME" },
    "048": { "cbsa": "38860", "metro": "Portland-South Portland, ME", "state": "ME" },
    "049": { "cbsa": "38860", "metro": "Portland-South Portland, ME", "state": "ME" },
    
    "050": { "cbsa": "11700", "metro": "Burlington-South Burlington, VT", "state": "VT" },
    "051": { "cbsa": "11700", "metro": "Burlington-South Burlington, VT", "state": "VT" },
    "052": { "cbsa": "11700", "metro": "Burlington-South Burlington, VT", "state": "VT" },
    "053": { "cbsa": "11700", "metro": "Burlington-South Burlington, VT", "state": "VT" },
    "054": { "cbsa": "11700", "metro": "Burlington-South Burlington, VT", "state": "VT" },
    "056": { "cbsa": "11700", "metro": "Burlington-South Burlington, VT", "state": "VT" },
    "057": { "cbsa": "11700", "metro": "Burlington-South Burlington, VT", "state": "VT" },
    "058": { "cbsa": "11700", "metro": "Burlington-South Burlington, VT", "state": "VT" },
    "059": { "cbsa": "11700", "metro": "Burlington-South Burlington, VT", "state": "VT" },
    
    "060": { "cbsa": "25540", "metro": "Hartford-West Hartford-East Hartford, CT", "state": "CT" },
    "061": { "cbsa": "25540", "metro": "Hartford-West Hartford-East Hartford, CT", "state": "CT" },
    "062": { "cbsa": "25540", "metro": "Hartford-West Hartford-East Hartford, CT", "state": "CT" },
    "063": { "cbsa": "35300", "metro": "New Haven-Milford, CT", "state": "CT" },
    "064": { "cbsa": "35300", "metro": "New Haven-Milford, CT", "state": "CT" },
    "065": { "cbsa": "35300", "metro": "New Haven-Milford, CT", "state": "CT" },
    "066": { "cbsa": "14860", "metro": "Bridgeport-Stamford-Norwalk, CT", "state": "CT" },
    "067": { "cbsa": "14860", "metro": "Bridgeport-Stamford-Norwalk, CT", "state": "CT" },
    "068": { "cbsa": "14860", "metro": "Bridgeport-Stamford-Norwalk, CT", "state": "CT" },
    "069": { "cbsa": "14860", "metro": "Bridgeport-Stamford-Norwalk, CT", "state": "CT" },
    
    "070": { "cbsa": "35620", "metro": "New York-Newark-Jersey City, NY-NJ-PA", "state": "NJ" },
    "071": { "cbsa": "35620", "metro": "New York-Newark-Jersey City, NY-NJ-PA", "state": "NJ" },
    "072": { "cbsa": "35620", "metro": "New York-Newark-Jersey City, NY-NJ-PA", "state": "NJ" },
    "073": { "cbsa": "35620", "metro": "New York-Newark-Jersey City, NY-NJ-PA", "state": "NJ" },
    "074": { "cbsa": "35620", "metro": "New York-Newark-Jersey City, NY-NJ-PA", "state": "NJ" },
    "075": { "cbsa": "35620", "metro": "New York-Newark-Jersey City, NY-NJ-PA", "state": "NJ" },
    "076": { "cbsa": "35620", "metro": "New York-Newark-Jersey City, NY-NJ-PA", "state": "NJ" },
    "077": { "cbsa": "35620", "metro": "New York-Newark-Jersey City, NY-NJ-PA", "state": "NJ" },
    "078": { "cbsa": "45940", "metro": "Trenton, NJ", "state": "NJ" },
    "079": { "cbsa": "35620", "metro": "New York-Newark-Jersey City, NY-NJ-PA", "state": "NJ" },
    
    "080": { "cbsa": "37980", "metro": "Philadelphia-Camden-Wilmington, PA-NJ-DE-MD", "state": "NJ" },
    "081": { "cbsa": "37980", "metro": "Philadelphia-Camden-Wilmington, PA-NJ-DE-MD", "state": "NJ" },
    "082": { "cbsa": "37980", "metro": "Philadelphia-Camden-Wilmington, PA-NJ-DE-MD", "state": "NJ" },
    "083": { "cbsa": "37980", "metro": "Philadelphia-Camden-Wilmington, PA-NJ-DE-MD", "state": "NJ" },
    "084": { "cbsa": "37980", "metro": "Philadelphia-Camden-Wilmington, PA-NJ-DE-MD", "state": "NJ" },
    "085": { "cbsa": "10900", "metro": "Atlantic City-Hammonton, NJ", "state": "NJ" },
    "086": { "cbsa": "37980", "metro": "Philadelphia-Camden-Wilmington, PA-NJ-DE-MD", "state": "NJ" },
    "087": { "cbsa": "35620", "metro": "New York-Newark-Jersey City, NY-NJ-PA", "state": "NJ" },
    "088": { "cbsa": "35620", "metro": "New York-Newark-Jersey City, NY-NJ-PA", "state": "NJ" },
    "089": { "cbsa": "35620", "metro": "New York-Newark-Jersey City, NY-NJ-PA", "state": "NJ" },
    
    "100": { "cbsa": "35620", "metro": "New York-Newark-Jersey City, NY-NJ-PA", "state": "NY" },
    "101": { "cbsa": "35620", "metro": "New York-Newark-Jersey City, NY-NJ-PA", "state": "NY" },
    "102": { "cbsa": "35620", "metro": "New York-Newark-Jersey City, NY-NJ-PA", "state": "NY" },
    "103": { "cbsa": "35620", "metro": "New York-Newark-Jersey City, NY-NJ-PA", "state": "NY" },
    "104": { "cbsa": "35620", "metro": "New York-Newark-Jersey City, NY-NJ-PA", "state": "NY" },
    "105": { "cbsa": "35620", "metro": "New York-Newark-Jersey City, NY-NJ-PA", "state": "NY" },
    "106": { "cbsa": "35620", "metro": "New York-Newark-Jersey City, NY-NJ-PA", "state": "NY" },
    "107": { "cbsa": "35620", "metro": "New York-Newark-Jersey City, NY-NJ-PA", "state": "NY" },
    "108": { "cbsa": "35620", "metro": "New York-Newark-Jersey City, NY-NJ-PA", "state": "NY" },
    "109": { "cbsa": "35620", "metro": "New York-Newark-Jersey City, NY-NJ-PA", "state": "NY" },
    "110": { "cbsa": "35620", "metro": "New York-Newark-Jersey City, NY-NJ-PA", "state": "NY" },
    "111": { "cbsa": "35620", "metro": "New York-Newark-Jersey City, NY-NJ-PA", "state": "NY" },
    "112": { "cbsa": "35620", "metro": "New York-Newark-Jersey City, NY-NJ-PA", "state": "NY" },
    "113": { "cbsa": "35620", "metro": "New York-Newark-Jersey City, NY-NJ-PA", "state": "NY" },
    "114": { "cbsa": "35620", "metro": "New York-Newark-Jersey City, NY-NJ-PA", "state": "NY" },
    "115": { "cbsa": "35620", "metro": "New York-Newark-Jersey City, NY-NJ-PA", "state": "NY" },
    "116": { "cbsa": "35620", "metro": "New York-Newark-Jersey City, NY-NJ-PA", "state": "NY" },
    "117": { "cbsa": "35620", "metro": "New York-Newark-Jersey City, NY-NJ-PA", "state": "NY" },
    "118": { "cbsa": "35620", "metro": "New York-Newark-Jersey City, NY-NJ-PA", "state": "NY" },
    "119": { "cbsa": "35620", "metro": "New York-Newark-Jersey City, NY-NJ-PA", "state": "NY" },
    "120": { "cbsa": "10580", "metro": "Albany-Schenectady-Troy, NY", "state": "NY" },
    "121": { "cbsa": "10580", "metro": "Albany-Schenectady-Troy, NY", "state": "NY" },
    "122": { "cbsa": "10580", "metro": "Albany-Schenectady-Troy, NY", "state": "NY" },
    "123": { "cbsa": "10580", "metro": "Albany-Schenectady-Troy, NY", "state": "NY" },
    "124": { "cbsa": "15380", "metro": "Buffalo-Cheektowaga-Niagara Falls, NY", "state": "NY" },
    "125": { "cbsa": "40380", "metro": "Rochester, NY", "state": "NY" },
    "126": { "cbsa": "45060", "metro": "Syracuse, NY", "state": "NY" },
    "127": { "cbsa": "46540", "metro": "Utica-Rome, NY", "state": "NY" },
    "128": { "cbsa": "20524", "metro": "Dutchess County-Putnam County, NY", "state": "NY" },
    "129": { "cbsa": "38860", "metro": "Plattsburgh, NY", "state": "NY" },
    "130": { "cbsa": "40380", "metro": "Rochester, NY", "state": "NY" },
    "131": { "cbsa": "45060", "metro": "Syracuse, NY", "state": "NY" },
    "132": { "cbsa": "46540", "metro": "Utica-Rome, NY", "state": "NY" },
    "133": { "cbsa": "45060", "metro": "Syracuse, NY", "state": "NY" },
    "134": { "cbsa": "45060", "metro": "Syracuse, NY", "state": "NY" },
    "135": { "cbsa": "45060", "metro": "Syracuse, NY", "state": "NY" },
    "136": { "cbsa": "13780", "metro": "Binghamton, NY", "state": "NY" },
    "137": { "cbsa": "13780", "metro": "Binghamton, NY", "state": "NY" },
    "138": { "cbsa": "45060", "metro": "Syracuse, NY", "state": "NY" },
    "139": { "cbsa": "13780", "metro": "Binghamton, NY", "state": "NY" },
    "140": { "cbsa": "15380", "metro": "Buffalo-Cheektowaga-Niagara Falls, NY", "state": "NY" },
    "141": { "cbsa": "15380", "metro": "Buffalo-Cheektowaga-Niagara Falls, NY", "state": "NY" },
    "142": { "cbsa": "15380", "metro": "Buffalo-Cheektowaga-Niagara Falls, NY", "state": "NY" },
    "143": { "cbsa": "40380", "metro": "Rochester, NY", "state": "NY" },
    "144": { "cbsa": "40380", "metro": "Rochester, NY", "state": "NY" },
    "145": { "cbsa": "40380", "metro": "Rochester, NY", "state": "NY" },
    "146": { "cbsa": "40380", "metro": "Rochester, NY", "state": "NY" },
    "147": { "cbsa": "27060", "metro": "Ithaca, NY", "state": "NY" },
    "148": { "cbsa": "40380", "metro": "Rochester, NY", "state": "NY" },
    "149": { "cbsa": "27060", "metro": "Ithaca, NY", "state": "NY" },
    
    "150": { "cbsa": "37980", "metro": "Philadelphia-Camden-Wilmington, PA-NJ-DE-MD", "state": "PA" },
    "151": { "cbsa": "38300", "metro": "Pittsburgh, PA", "state": "PA" },
    "152": { "cbsa": "38300", "metro": "Pittsburgh, PA", "state": "PA" },
    "153": { "cbsa": "38300", "metro": "Pittsburgh, PA", "state": "PA" },
    "154": { "cbsa": "38300", "metro": "Pittsburgh, PA", "state": "PA" },
    "155": { "cbsa": "38300", "metro": "Pittsburgh, PA", "state": "PA" },
    "156": { "cbsa": "38300", "metro": "Pittsburgh, PA", "state": "PA" },
    "157": { "cbsa": "38300", "metro": "Pittsburgh, PA", "state": "PA" },
    "158": { "cbsa": "38300", "metro": "Pittsburgh, PA", "state": "PA" },
    "159": { "cbsa": "38300", "metro": "Pittsburgh, PA", "state": "PA" },
    "160": { "cbsa": "38300", "metro": "Pittsburgh, PA", "state": "PA" },
    "161": { "cbsa": "38300", "metro": "Pittsburgh, PA", "state": "PA" },
    "162": { "cbsa": "38300", "metro": "Pittsburgh, PA", "state": "PA" },
    "163": { "cbsa": "38300", "metro": "Pittsburgh, PA", "state": "PA" },
    "164": { "cbsa": "21500", "metro": "Erie, PA", "state": "PA" },
    "165": { "cbsa": "21500", "metro": "Erie, PA", "state": "PA" },
    "166": { "cbsa": "38300", "metro": "Pittsburgh, PA", "state": "PA" },
    "167": { "cbsa": "44300", "metro": "State College, PA", "state": "PA" },
    "168": { "cbsa": "44300", "metro": "State College, PA", "state": "PA" },
    "169": { "cbsa": "49620", "metro": "York-Hanover, PA", "state": "PA" },
    "170": { "cbsa": "25420", "metro": "Harrisburg-Carlisle, PA", "state": "PA" },
    "171": { "cbsa": "25420", "metro": "Harrisburg-Carlisle, PA", "state": "PA" },
    "172": { "cbsa": "25420", "metro": "Harrisburg-Carlisle, PA", "state": "PA" },
    "173": { "cbsa": "49620", "metro": "York-Hanover, PA", "state": "PA" },
    "174": { "cbsa": "49620", "metro": "York-Hanover, PA", "state": "PA" },
    "175": { "cbsa": "29540", "metro": "Lancaster, PA", "state": "PA" },
    "176": { "cbsa": "29540", "metro": "Lancaster, PA", "state": "PA" },
    "177": { "cbsa": "25420", "metro": "Harrisburg-Carlisle, PA", "state": "PA" },
    "178": { "cbsa": "40380", "metro": "Reading, PA", "state": "PA" },
    "179": { "cbsa": "37980", "metro": "Philadelphia-Camden-Wilmington, PA-NJ-DE-MD", "state": "PA" },
    "180": { "cbsa": "42540", "metro": "Scranton--Wilkes-Barre--Hazleton, PA", "state": "PA" },
    "181": { "cbsa": "37980", "metro": "Philadelphia-Camden-Wilmington, PA-NJ-DE-MD", "state": "PA" },
    "182": { "cbsa": "42540", "metro": "Scranton--Wilkes-Barre--Hazleton, PA", "state": "PA" },
    "183": { "cbsa": "11020", "metro": "Allentown-Bethlehem-Easton, PA-NJ", "state": "PA" },
    "184": { "cbsa": "42540", "metro": "Scranton--Wilkes-Barre--Hazleton, PA", "state": "PA" },
    "185": { "cbsa": "42540", "metro": "Scranton--Wilkes-Barre--Hazleton, PA", "state": "PA" },
    "186": { "cbsa": "42540", "metro": "Scranton--Wilkes-Barre--Hazleton, PA", "state": "PA" },
    "187": { "cbsa": "42540", "metro": "Scranton--Wilkes-Barre--Hazleton, PA", "state": "PA" },
    "188": { "cbsa": "42540", "metro": "Scranton--Wilkes-Barre--Hazleton, PA", "state": "PA" },
    "189": { "cbsa": "42540", "metro": "Scranton--Wilkes-Barre--Hazleton, PA", "state": "PA" },
    "190": { "cbsa": "37980", "metro": "Philadelphia-Camden-Wilmington, PA-NJ-DE-MD", "state": "PA" },
    "191": { "cbsa": "37980", "metro": "Philadelphia-Camden-Wilmington, PA-NJ-DE-MD", "state": "PA" },
    "192": { "cbsa": "37980", "metro": "Philadelphia-Camden-Wilmington, PA-NJ-DE-MD", "state": "PA" },
    "193": { "cbsa": "37980", "metro": "Philadelphia-Camden-Wilmington, PA-NJ-DE-MD", "state": "PA" },
    "194": { "cbsa": "37980", "metro": "Philadelphia-Camden-Wilmington, PA-NJ-DE-MD", "state": "PA" },
    "195": { "cbsa": "37980", "metro": "Philadelphia-Camden-Wilmington, PA-NJ-DE-MD", "state": "PA" },
    "196": { "cbsa": "37980", "metro": "Philadelphia-Camden-Wilmington, PA-NJ-DE-MD", "state": "PA" },
    
    "197": { "cbsa": "37980", "metro": "Philadelphia-Camden-Wilmington, PA-NJ-DE-MD", "state": "DE" },
    "198": { "cbsa": "37980", "metro": "Philadelphia-Camden-Wilmington, PA-NJ-DE-MD", "state": "DE" },
    "199": { "cbsa": "20100", "metro": "Dover, DE", "state": "DE" },
    
    "200": { "cbsa": "47900", "metro": "Washington-Arlington-Alexandria, DC-VA-MD-WV", "state": "DC" },
    "201": { "cbsa": "47900", "metro": "Washington-Arlington-Alexandria, DC-VA-MD-WV", "state": "VA" },
    "202": { "cbsa": "47900", "metro": "Washington-Arlington-Alexandria, DC-VA-MD-WV", "state": "DC" },
    "203": { "cbsa": "47900", "metro": "Washington-Arlington-Alexandria, DC-VA-MD-WV", "state": "DC" },
    "204": { "cbsa": "47900", "metro": "Washington-Arlington-Alexandria, DC-VA-MD-WV", "state": "DC" },
    "205": { "cbsa": "47900", "metro": "Washington-Arlington-Alexandria, DC-VA-MD-WV", "state": "DC" },
    "206": { "cbsa": "12580", "metro": "Baltimore-Columbia-Towson, MD", "state": "MD" },
    "207": { "cbsa": "12580", "metro": "Baltimore-Columbia-Towson, MD", "state": "MD" },
    "208": { "cbsa": "12580", "metro": "Baltimore-Columbia-Towson, MD", "state": "MD" },
    "209": { "cbsa": "12580", "metro": "Baltimore-Columbia-Towson, MD", "state": "MD" },
    "210": { "cbsa": "12580", "metro": "Baltimore-Columbia-Towson, MD", "state": "MD" },
    "211": { "cbsa": "12580", "metro": "Baltimore-Columbia-Towson, MD", "state": "MD" },
    "212": { "cbsa": "12580", "metro": "Baltimore-Columbia-Towson, MD", "state": "MD" },
    "214": { "cbsa": "25180", "metro": "Hagerstown-Martinsburg, MD-WV", "state": "MD" },
    "215": { "cbsa": "25180", "metro": "Hagerstown-Martinsburg, MD-WV", "state": "MD" },
    "216": { "cbsa": "15680", "metro": "California-Lexington Park, MD", "state": "MD" },
    "217": { "cbsa": "25180", "metro": "Hagerstown-Martinsburg, MD-WV", "state": "MD" },
    "218": { "cbsa": "40484", "metro": "Salisbury, MD-DE", "state": "MD" },
    "219": { "cbsa": "40484", "metro": "Salisbury, MD-DE", "state": "MD" },
    
    "220": { "cbsa": "47900", "metro": "Washington-Arlington-Alexandria, DC-VA-MD-WV", "state": "VA" },
    "221": { "cbsa": "47900", "metro": "Washington-Arlington-Alexandria, DC-VA-MD-WV", "state": "VA" },
    "222": { "cbsa": "47900", "metro": "Washington-Arlington-Alexandria, DC-VA-MD-WV", "state": "VA" },
    "223": { "cbsa": "40060", "metro": "Richmond, VA", "state": "VA" },
    "224": { "cbsa": "13980", "metro": "Blacksburg-Christiansburg-Radford, VA", "state": "VA" },
    "225": { "cbsa": "40220", "metro": "Roanoke, VA", "state": "VA" },
    "226": { "cbsa": "40220", "metro": "Roanoke, VA", "state": "VA" },
    "227": { "cbsa": "31340", "metro": "Lynchburg, VA", "state": "VA" },
    "228": { "cbsa": "16820", "metro": "Charlottesville, VA", "state": "VA" },
    "229": { "cbsa": "16820", "metro": "Charlottesville, VA", "state": "VA" },
    "230": { "cbsa": "40060", "metro": "Richmond, VA", "state": "VA" },
    "231": { "cbsa": "40060", "metro": "Richmond, VA", "state": "VA" },
    "232": { "cbsa": "40060", "metro": "Richmond, VA", "state": "VA" },
    "233": { "cbsa": "47260", "metro": "Virginia Beach-Norfolk-Newport News, VA-NC", "state": "VA" },
    "234": { "cbsa": "47260", "metro": "Virginia Beach-Norfolk-Newport News, VA-NC", "state": "VA" },
    "235": { "cbsa": "47260", "metro": "Virginia Beach-Norfolk-Newport News, VA-NC", "state": "VA" },
    "236": { "cbsa": "47260", "metro": "Virginia Beach-Norfolk-Newport News, VA-NC", "state": "VA" },
    "237": { "cbsa": "47260", "metro": "Virginia Beach-Norfolk-Newport News, VA-NC", "state": "VA" },
    "238": { "cbsa": "40060", "metro": "Richmond, VA", "state": "VA" },
    "239": { "cbsa": "13980", "metro": "Blacksburg-Christiansburg-Radford, VA", "state": "VA" },
    "240": { "cbsa": "13980", "metro": "Blacksburg-Christiansburg-Radford, VA", "state": "VA" },
    "241": { "cbsa": "40220", "metro": "Roanoke, VA", "state": "VA" },
    "242": { "cbsa": "13980", "metro": "Blacksburg-Christiansburg-Radford, VA", "state": "VA" },
    "243": { "cbsa": "13980", "metro": "Blacksburg-Christiansburg-Radford, VA", "state": "VA" },
    "244": { "cbsa": "28700", "metro": "Kingsport-Bristol-Bristol, TN-VA", "state": "VA" },
    "245": { "cbsa": "28700", "metro": "Kingsport-Bristol-Bristol, TN-VA", "state": "VA" },
    "246": { "cbsa": "13980", "metro": "Blacksburg-Christiansburg-Radford, VA", "state": "VA" },
    
    "247": { "cbsa": "16300", "metro": "Charleston, WV", "state": "WV" },
    "248": { "cbsa": "16300", "metro": "Charleston, WV", "state": "WV" },
    "249": { "cbsa": "16300", "metro": "Charleston, WV", "state": "WV" },
    "250": { "cbsa": "16300", "metro": "Charleston, WV", "state": "WV" },
    "251": { "cbsa": "16300", "metro": "Charleston, WV", "state": "WV" },
    "252": { "cbsa": "16300", "metro": "Charleston, WV", "state": "WV" },
    "253": { "cbsa": "16300", "metro": "Charleston, WV", "state": "WV" },
    "254": { "cbsa": "16300", "metro": "Charleston, WV", "state": "WV" },
    "255": { "cbsa": "26580", "metro": "Huntington-Ashland, WV-KY-OH", "state": "WV" },
    "256": { "cbsa": "48260", "metro": "Wheeling, WV-OH", "state": "WV" },
    "257": { "cbsa": "48260", "metro": "Wheeling, WV-OH", "state": "WV" },
    "258": { "cbsa": "48260", "metro": "Wheeling, WV-OH", "state": "WV" },
    "259": { "cbsa": "48540", "metro": "Weirton-Steubenville, WV-OH", "state": "WV" },
    "260": { "cbsa": "48260", "metro": "Wheeling, WV-OH", "state": "WV" },
    "261": { "cbsa": "25180", "metro": "Hagerstown-Martinsburg, MD-WV", "state": "WV" },
    "262": { "cbsa": "25180", "metro": "Hagerstown-Martinsburg, MD-WV", "state": "WV" },
    "263": { "cbsa": "25180", "metro": "Hagerstown-Martinsburg, MD-WV", "state": "WV" },
    "264": { "cbsa": "25180", "metro": "Hagerstown-Martinsburg, MD-WV", "state": "WV" },
    "265": { "cbsa": "25180", "metro": "Hagerstown-Martinsburg, MD-WV", "state": "WV" },
    "266": { "cbsa": "31900", "metro": "Morgantown, WV", "state": "WV" },
    "267": { "cbsa": "31900", "metro": "Morgantown, WV", "state": "WV" },
    "268": { "cbsa": "31900", "metro": "Morgantown, WV", "state": "WV" },
    
    "270": { "cbsa": "18580", "metro": "Lexington-Fayette, KY", "state": "NC" },
    "271": { "cbsa": "16740", "metro": "Charlotte-Concord-Gastonia, NC-SC", "state": "NC" },
    "272": { "cbsa": "16740", "metro": "Charlotte-Concord-Gastonia, NC-SC", "state": "NC" },
    "273": { "cbsa": "16740", "metro": "Charlotte-Concord-Gastonia, NC-SC", "state": "NC" },
    "274": { "cbsa": "24660", "metro": "Greensboro-High Point, NC", "state": "NC" },
    "275": { "cbsa": "39580", "metro": "Raleigh, NC", "state": "NC" },
    "276": { "cbsa": "39580", "metro": "Raleigh, NC", "state": "NC" },
    "277": { "cbsa": "20500", "metro": "Durham-Chapel Hill, NC", "state": "NC" },
    "278": { "cbsa": "49180", "metro": "Winston-Salem, NC", "state": "NC" },
    "279": { "cbsa": "24660", "metro": "Greensboro-High Point, NC", "state": "NC" },
    "280": { "cbsa": "16740", "metro": "Charlotte-Concord-Gastonia, NC-SC", "state": "NC" },
    "281": { "cbsa": "16740", "metro": "Charlotte-Concord-Gastonia, NC-SC", "state": "NC" },
    "282": { "cbsa": "16740", "metro": "Charlotte-Concord-Gastonia, NC-SC", "state": "NC" },
    "283": { "cbsa": "22180", "metro": "Fayetteville, NC", "state": "NC" },
    "284": { "cbsa": "47260", "metro": "Virginia Beach-Norfolk-Newport News, VA-NC", "state": "NC" },
    "285": { "cbsa": "28820", "metro": "Kinston, NC", "state": "NC" },
    "286": { "cbsa": "24780", "metro": "Greenville, NC", "state": "NC" },
    "287": { "cbsa": "49340", "metro": "Wilmington, NC", "state": "NC" },
    "288": { "cbsa": "11700", "metro": "Asheville, NC", "state": "NC" },
    "289": { "cbsa": "26820", "metro": "Hickory-Lenoir-Morganton, NC", "state": "NC" },
    
    "290": { "cbsa": "16700", "metro": "Charleston-North Charleston, SC", "state": "SC" },
    "291": { "cbsa": "17900", "metro": "Columbia, SC", "state": "SC" },
    "292": { "cbsa": "17900", "metro": "Columbia, SC", "state": "SC" },
    "293": { "cbsa": "41620", "metro": "Spartanburg, SC", "state": "SC" },
    "294": { "cbsa": "24860", "metro": "Greenville-Anderson-Mauldin, SC", "state": "SC" },
    "295": { "cbsa": "23500", "metro": "Florence, SC", "state": "SC" },
    "296": { "cbsa": "24860", "metro": "Greenville-Anderson-Mauldin, SC", "state": "SC" },
    "297": { "cbsa": "16740", "metro": "Charlotte-Concord-Gastonia, NC-SC", "state": "SC" },
    "298": { "cbsa": "11700", "metro": "Aiken, SC", "state": "SC" },
    "299": { "cbsa": "11700", "metro": "Augusta-Richmond County, GA-SC", "state": "SC" },
    
    "300": { "cbsa": "12060", "metro": "Atlanta-Sandy Springs-Roswell, GA", "state": "GA" },
    "301": { "cbsa": "12060", "metro": "Atlanta-Sandy Springs-Roswell, GA", "state": "GA" },
    "302": { "cbsa": "12060", "metro": "Atlanta-Sandy Springs-Roswell, GA", "state": "GA" },
    "303": { "cbsa": "12060", "metro": "Atlanta-Sandy Springs-Roswell, GA", "state": "GA" },
    "304": { "cbsa": "12060", "metro": "Atlanta-Sandy Springs-Roswell, GA", "state": "GA" },
    "305": { "cbsa": "12060", "metro": "Atlanta-Sandy Springs-Roswell, GA", "state": "GA" },
    "306": { "cbsa": "12060", "metro": "Atlanta-Sandy Springs-Roswell, GA", "state": "GA" },
    "307": { "cbsa": "12060", "metro": "Atlanta-Sandy Springs-Roswell, GA", "state": "GA" },
    "308": { "cbsa": "11180", "metro": "Albany, GA", "state": "GA" },
    "309": { "cbsa": "17980", "metro": "Columbus, GA-AL", "state": "GA" },
    "310": { "cbsa": "12060", "metro": "Atlanta-Sandy Springs-Roswell, GA", "state": "GA" },
    "311": { "cbsa": "12060", "metro": "Atlanta-Sandy Springs-Roswell, GA", "state": "GA" },
    "312": { "cbsa": "11180", "metro": "Albany, GA", "state": "GA" },
    "313": { "cbsa": "40660", "metro": "Savannah, GA", "state": "GA" },
    "314": { "cbsa": "40660", "metro": "Savannah, GA", "state": "GA" },
    "315": { "cbsa": "46660", "metro": "Valdosta, GA", "state": "GA" },
    "316": { "cbsa": "46660", "metro": "Valdosta, GA", "state": "GA" },
    "317": { "cbsa": "11180", "metro": "Albany, GA", "state": "GA" },
    "318": { "cbsa": "10500", "metro": "Athens-Clarke County, GA", "state": "GA" },
    "319": { "cbsa": "17980", "metro": "Columbus, GA-AL", "state": "GA" },
    "320": { "cbsa": "10500", "metro": "Athens-Clarke County, GA", "state": "GA" },
    "321": { "cbsa": "25980", "metro": "Hinesville, GA", "state": "GA" },
    "322": { "cbsa": "12060", "metro": "Atlanta-Sandy Springs-Roswell, GA", "state": "GA" },
    "323": { "cbsa": "32140", "metro": "Macon-Bibb County, GA", "state": "GA" },
    "324": { "cbsa": "40660", "metro": "Savannah, GA", "state": "GA" },
    "325": { "cbsa": "23580", "metro": "Gainesville, GA", "state": "GA" },
    "326": { "cbsa": "46660", "metro": "Valdosta, GA", "state": "GA" },
    "327": { "cbsa": "40660", "metro": "Savannah, GA", "state": "GA" },
    "328": { "cbsa": "12060", "metro": "Atlanta-Sandy Springs-Roswell, GA", "state": "GA" },
    "329": { "cbsa": "17980", "metro": "Columbus, GA-AL", "state": "GA" },
    "330": { "cbsa": "12060", "metro": "Atlanta-Sandy Springs-Roswell, GA", "state": "GA" },
    "331": { "cbsa": "11260", "metro": "Anchorage, AK", "state": "GA" },
    "332": { "cbsa": "46660", "metro": "Valdosta, GA", "state": "GA" },
    "333": { "cbsa": "11180", "metro": "Albany, GA", "state": "GA" },
    "334": { "cbsa": "12060", "metro": "Atlanta-Sandy Springs-Roswell, GA", "state": "GA" },
    "335": { "cbsa": "12060", "metro": "Atlanta-Sandy Springs-Roswell, GA", "state": "GA" },
    "336": { "cbsa": "11180", "metro": "Albany, GA", "state": "GA" },
    "337": { "cbsa": "46660", "metro": "Valdosta, GA", "state": "GA" },
    "338": { "cbsa": "12060", "metro": "Atlanta-Sandy Springs-Roswell, GA", "state": "GA" },
    "339": { "cbsa": "12060", "metro": "Atlanta-Sandy Springs-Roswell, GA", "state": "GA" },
    
    "320": { "cbsa": "27260", "metro": "Jacksonville, FL", "state": "FL" },
    "321": { "cbsa": "36740", "metro": "Orlando-Kissimmee-Sanford, FL", "state": "FL" },
    "322": { "cbsa": "36740", "metro": "Orlando-Kissimmee-Sanford, FL", "state": "FL" },
    "323": { "cbsa": "27260", "metro": "Jacksonville, FL", "state": "FL" },
    "324": { "cbsa": "27260", "metro": "Jacksonville, FL", "state": "FL" },
    "325": { "cbsa": "27260", "metro": "Jacksonville, FL", "state": "FL" },
    "326": { "cbsa": "23420", "metro": "Gainesville, FL", "state": "FL" },
    "327": { "cbsa": "36740", "metro": "Orlando-Kissimmee-Sanford, FL", "state": "FL" },
    "328": { "cbsa": "36740", "metro": "Orlando-Kissimmee-Sanford, FL", "state": "FL" },
    "329": { "cbsa": "36740", "metro": "Orlando-Kissimmee-Sanford, FL", "state": "FL" },
    "330": { "cbsa": "33100", "metro": "Miami-Fort Lauderdale-West Palm Beach, FL", "state": "FL" },
    "331": { "cbsa": "33100", "metro": "Miami-Fort Lauderdale-West Palm Beach, FL", "state": "FL" },
    "332": { "cbsa": "33100", "metro": "Miami-Fort Lauderdale-West Palm Beach, FL", "state": "FL" },
    "333": { "cbsa": "33100", "metro": "Miami-Fort Lauderdale-West Palm Beach, FL", "state": "FL" },
    "334": { "cbsa": "33100", "metro": "Miami-Fort Lauderdale-West Palm Beach, FL", "state": "FL" },
    "335": { "cbsa": "33100", "metro": "Miami-Fort Lauderdale-West Palm Beach, FL", "state": "FL" },
    "336": { "cbsa": "33100", "metro": "Miami-Fort Lauderdale-West Palm Beach, FL", "state": "FL" },
    "337": { "cbsa": "36740", "metro": "Orlando-Kissimmee-Sanford, FL", "state": "FL" },
    "338": { "cbsa": "45300", "metro": "Tampa-St. Petersburg-Clearwater, FL", "state": "FL" },
    "339": { "cbsa": "45300", "metro": "Tampa-St. Petersburg-Clearwater, FL", "state": "FL" },
    "340": { "cbsa": "45300", "metro": "Tampa-St. Petersburg-Clearwater, FL", "state": "FL" },
    "341": { "cbsa": "45300", "metro": "Tampa-St. Petersburg-Clearwater, FL", "state": "FL" },
    "342": { "cbsa": "45300", "metro": "Tampa-St. Petersburg-Clearwater, FL", "state": "FL" },
    "344": { "cbsa": "33100", "metro": "Miami-Fort Lauderdale-West Palm Beach, FL", "state": "FL" },
    "346": { "cbsa": "45300", "metro": "Tampa-St. Petersburg-Clearwater, FL", "state": "FL" },
    "347": { "cbsa": "45300", "metro": "Tampa-St. Petersburg-Clearwater, FL", "state": "FL" },
    "349": { "cbsa": "33100", "metro": "Miami-Fort Lauderdale-West Palm Beach, FL", "state": "FL" },
    
    "350": { "cbsa": "11500", "metro": "Anniston-Oxford-Jacksonville, AL", "state": "AL" },
    "351": { "cbsa": "13820", "metro": "Birmingham-Hoover, AL", "state": "AL" },
    "352": { "cbsa": "13820", "metro": "Birmingham-Hoover, AL", "state": "AL" },
    "353": { "cbsa": "19300", "metro": "Daphne-Fairhope-Foley, AL", "state": "AL" },
    "354": { "cbsa": "19300", "metro": "Daphne-Fairhope-Foley, AL", "state": "AL" },
    "355": { "cbsa": "13820", "metro": "Birmingham-Hoover, AL", "state": "AL" },
    "356": { "cbsa": "19300", "metro": "Daphne-Fairhope-Foley, AL", "state": "AL" },
    "357": { "cbsa": "33660", "metro": "Mobile, AL", "state": "AL" },
    "358": { "cbsa": "33660", "metro": "Mobile, AL", "state": "AL" },
    "359": { "cbsa": "26620", "metro": "Huntsville, AL", "state": "AL" },
    "360": { "cbsa": "26620", "metro": "Huntsville, AL", "state": "AL" },
    "361": { "cbsa": "20020", "metro": "Dothan, AL", "state": "AL" },
    "362": { "cbsa": "33660", "metro": "Mobile, AL", "state": "AL" },
    "363": { "cbsa": "20020", "metro": "Dothan, AL", "state": "AL" },
    "364": { "cbsa": "33660", "metro": "Mobile, AL", "state": "AL" },
    "365": { "cbsa": "33660", "metro": "Mobile, AL", "state": "AL" },
    "366": { "cbsa": "33660", "metro": "Mobile, AL", "state": "AL" },
    "367": { "cbsa": "20020", "metro": "Dothan, AL", "state": "AL" },
    "368": { "cbsa": "33660", "metro": "Mobile, AL", "state": "AL" },
    "369": { "cbsa": "46220", "metro": "Tuscaloosa, AL", "state": "AL" },
    
    "370": { "cbsa": "34980", "metro": "Nashville-Davidson--Murfreesboro--Franklin, TN", "state": "TN" },
    "371": { "cbsa": "34980", "metro": "Nashville-Davidson--Murfreesboro--Franklin, TN", "state": "TN" },
    "372": { "cbsa": "34980", "metro": "Nashville-Davidson--Murfreesboro--Franklin, TN", "state": "TN" },
    "373": { "cbsa": "16860", "metro": "Chattanooga, TN-GA", "state": "TN" },
    "374": { "cbsa": "16860", "metro": "Chattanooga, TN-GA", "state": "TN" },
    "375": { "cbsa": "16860", "metro": "Chattanooga, TN-GA", "state": "TN" },
    "376": { "cbsa": "28940", "metro": "Knoxville, TN", "state": "TN" },
    "377": { "cbsa": "28940", "metro": "Knoxville, TN", "state": "TN" },
    "378": { "cbsa": "28940", "metro": "Knoxville, TN", "state": "TN" },
    "379": { "cbsa": "28940", "metro": "Knoxville, TN", "state": "TN" },
    "380": { "cbsa": "32820", "metro": "Memphis, TN-MS-AR", "state": "TN" },
    "381": { "cbsa": "32820", "metro": "Memphis, TN-MS-AR", "state": "TN" },
    "382": { "cbsa": "32820", "metro": "Memphis, TN-MS-AR", "state": "TN" },
    "383": { "cbsa": "27180", "metro": "Jackson, TN", "state": "TN" },
    "384": { "cbsa": "28700", "metro": "Kingsport-Bristol-Bristol, TN-VA", "state": "TN" },
    "385": { "cbsa": "27740", "metro": "Johnson City, TN", "state": "TN" },
    "386": { "cbsa": "17420", "metro": "Cleveland, TN", "state": "TN" },
    "387": { "cbsa": "34100", "metro": "Morristown, TN", "state": "TN" },
    "388": { "cbsa": "28940", "metro": "Knoxville, TN", "state": "TN" },
    
    "386": { "cbsa": "27900", "metro": "Gulfport-Biloxi-Pascagoula, MS", "state": "MS" },
    "387": { "cbsa": "27140", "metro": "Jackson, MS", "state": "MS" },
    "388": { "cbsa": "27140", "metro": "Jackson, MS", "state": "MS" },
    "389": { "cbsa": "27140", "metro": "Jackson, MS", "state": "MS" },
    "390": { "cbsa": "27140", "metro": "Jackson, MS", "state": "MS" },
    "391": { "cbsa": "27140", "metro": "Jackson, MS", "state": "MS" },
    "392": { "cbsa": "27140", "metro": "Jackson, MS", "state": "MS" },
    "393": { "cbsa": "25620", "metro": "Hattiesburg, MS", "state": "MS" },
    "394": { "cbsa": "27900", "metro": "Gulfport-Biloxi-Pascagoula, MS", "state": "MS" },
    "395": { "cbsa": "27900", "metro": "Gulfport-Biloxi-Pascagoula, MS", "state": "MS" },
    "396": { "cbsa": "32820", "metro": "Memphis, TN-MS-AR", "state": "MS" },
    
    "397": { "cbsa": "17980", "metro": "Columbus, GA-AL", "state": "MS" },
    "398": { "cbsa": "46340", "metro": "Tupelo, MS", "state": "MS" },
    
    "400": { "cbsa": "28940", "metro": "Louisville/Jefferson County, KY-IN", "state": "KY" },
    "401": { "cbsa": "31140", "metro": "Louisville/Jefferson County, KY-IN", "state": "KY" },
    "402": { "cbsa": "31140", "metro": "Louisville/Jefferson County, KY-IN", "state": "KY" },
    "403": { "cbsa": "31140", "metro": "Louisville/Jefferson County, KY-IN", "state": "KY" },
    "404": { "cbsa": "31140", "metro": "Louisville/Jefferson County, KY-IN", "state": "KY" },
    "405": { "cbsa": "18580", "metro": "Lexington-Fayette, KY", "state": "KY" },
    "406": { "cbsa": "18580", "metro": "Lexington-Fayette, KY", "state": "KY" },
    "410": { "cbsa": "31140", "metro": "Louisville/Jefferson County, KY-IN", "state": "KY" },
    "420": { "cbsa": "36980", "metro": "Owensboro, KY", "state": "KY" },
    "421": { "cbsa": "21060", "metro": "Elizabethtown-Fort Knox, KY", "state": "KY" },
    "422": { "cbsa": "14540", "metro": "Bowling Green, KY", "state": "KY" },
    "423": { "cbsa": "36980", "metro": "Owensboro, KY", "state": "KY" },
    "424": { "cbsa": "14540", "metro": "Bowling Green, KY", "state": "KY" },
    "425": { "cbsa": "17300", "metro": "Clarksville, TN-KY", "state": "KY" },
    "426": { "cbsa": "36980", "metro": "Owensboro, KY", "state": "KY" },
    "427": { "cbsa": "21060", "metro": "Elizabethtown-Fort Knox, KY", "state": "KY" },
    
    "430": { "cbsa": "17140", "metro": "Cincinnati, OH-KY-IN", "state": "OH" },
    "431": { "cbsa": "17140", "metro": "Cincinnati, OH-KY-IN", "state": "OH" },
    "432": { "cbsa": "17140", "metro": "Cincinnati, OH-KY-IN", "state": "OH" },
    "433": { "cbsa": "17140", "metro": "Cincinnati, OH-KY-IN", "state": "OH" },
    "434": { "cbsa": "18140", "metro": "Columbus, OH", "state": "OH" },
    "435": { "cbsa": "18140", "metro": "Columbus, OH", "state": "OH" },
    "436": { "cbsa": "18140", "metro": "Columbus, OH", "state": "OH" },
    "437": { "cbsa": "49660", "metro": "Youngstown-Warren-Boardman, OH-PA", "state": "OH" },
    "438": { "cbsa": "17460", "metro": "Cleveland-Elyria, OH", "state": "OH" },
    "439": { "cbsa": "44220", "metro": "Steubenville-Weirton, OH-WV", "state": "OH" },
    "440": { "cbsa": "17460", "metro": "Cleveland-Elyria, OH", "state": "OH" },
    "441": { "cbsa": "17460", "metro": "Cleveland-Elyria, OH", "state": "OH" },
    "442": { "cbsa": "10420", "metro": "Akron, OH", "state": "OH" },
    "443": { "cbsa": "10420", "metro": "Akron, OH", "state": "OH" },
    "444": { "cbsa": "49660", "metro": "Youngstown-Warren-Boardman, OH-PA", "state": "OH" },
    "445": { "cbsa": "10420", "metro": "Akron, OH", "state": "OH" },
    "446": { "cbsa": "15940", "metro": "Canton-Massillon, OH", "state": "OH" },
    "447": { "cbsa": "15940", "metro": "Canton-Massillon, OH", "state": "OH" },
    "448": { "cbsa": "31900", "metro": "Mansfield, OH", "state": "OH" },
    "449": { "cbsa": "31900", "metro": "Mansfield, OH", "state": "OH" },
    "450": { "cbsa": "17140", "metro": "Cincinnati, OH-KY-IN", "state": "OH" },
    "451": { "cbsa": "17140", "metro": "Cincinnati, OH-KY-IN", "state": "OH" },
    "452": { "cbsa": "17140", "metro": "Cincinnati, OH-KY-IN", "state": "OH" },
    "453": { "cbsa": "19380", "metro": "Dayton, OH", "state": "OH" },
    "454": { "cbsa": "19380", "metro": "Dayton, OH", "state": "OH" },
    "455": { "cbsa": "44220", "metro": "Springfield, OH", "state": "OH" },
    "456": { "cbsa": "30620", "metro": "Lima, OH", "state": "OH" },
    "457": { "cbsa": "45780", "metro": "Toledo, OH", "state": "OH" },
    "458": { "cbsa": "30620", "metro": "Lima, OH", "state": "OH" },
    
    "460": { "cbsa": "26900", "metro": "Indianapolis-Carmel-Anderson, IN", "state": "IN" },
    "461": { "cbsa": "26900", "metro": "Indianapolis-Carmel-Anderson, IN", "state": "IN" },
    "462": { "cbsa": "26900", "metro": "Indianapolis-Carmel-Anderson, IN", "state": "IN" },
    "463": { "cbsa": "26900", "metro": "Indianapolis-Carmel-Anderson, IN", "state": "IN" },
    "464": { "cbsa": "26900", "metro": "Indianapolis-Carmel-Anderson, IN", "state": "IN" },
    "465": { "cbsa": "26900", "metro": "Indianapolis-Carmel-Anderson, IN", "state": "IN" },
    "466": { "cbsa": "26900", "metro": "Indianapolis-Carmel-Anderson, IN", "state": "IN" },
    "467": { "cbsa": "23060", "metro": "Fort Wayne, IN", "state": "IN" },
    "468": { "cbsa": "23060", "metro": "Fort Wayne, IN", "state": "IN" },
    "469": { "cbsa": "29020", "metro": "Kokomo, IN", "state": "IN" },
    "470": { "cbsa": "21140", "metro": "Elkhart-Goshen, IN", "state": "IN" },
    "471": { "cbsa": "43780", "metro": "South Bend-Mishawaka, IN-MI", "state": "IN" },
    "472": { "cbsa": "21140", "metro": "Elkhart-Goshen, IN", "state": "IN" },
    "473": { "cbsa": "29140", "metro": "Lafayette-West Lafayette, IN", "state": "IN" },
    "474": { "cbsa": "21140", "metro": "Elkhart-Goshen, IN", "state": "IN" },
    "475": { "cbsa": "46140", "metro": "Terre Haute, IN", "state": "IN" },
    "476": { "cbsa": "21780", "metro": "Evansville, IN-KY", "state": "IN" },
    "477": { "cbsa": "21780", "metro": "Evansville, IN-KY", "state": "IN" },
    
    "480": { "cbsa": "19820", "metro": "Detroit-Warren-Dearborn, MI", "state": "MI" },
    "481": { "cbsa": "19820", "metro": "Detroit-Warren-Dearborn, MI", "state": "MI" },
    "482": { "cbsa": "19820", "metro": "Detroit-Warren-Dearborn, MI", "state": "MI" },
    "483": { "cbsa": "22420", "metro": "Flint, MI", "state": "MI" },
    "484": { "cbsa": "22420", "metro": "Flint, MI", "state": "MI" },
    "485": { "cbsa": "22420", "metro": "Flint, MI", "state": "MI" },
    "486": { "cbsa": "29620", "metro": "Lansing-East Lansing, MI", "state": "MI" },
    "487": { "cbsa": "29620", "metro": "Lansing-East Lansing, MI", "state": "MI" },
    "488": { "cbsa": "29620", "metro": "Lansing-East Lansing, MI", "state": "MI" },
    "489": { "cbsa": "29620", "metro": "Lansing-East Lansing, MI", "state": "MI" },
    "490": { "cbsa": "24340", "metro": "Grand Rapids-Wyoming, MI", "state": "MI" },
    "491": { "cbsa": "24340", "metro": "Grand Rapids-Wyoming, MI", "state": "MI" },
    "492": { "cbsa": "24340", "metro": "Grand Rapids-Wyoming, MI", "state": "MI" },
    "493": { "cbsa": "24340", "metro": "Grand Rapids-Wyoming, MI", "state": "MI" },
    "494": { "cbsa": "24340", "metro": "Grand Rapids-Wyoming, MI", "state": "MI" },
    "495": { "cbsa": "24340", "metro": "Grand Rapids-Wyoming, MI", "state": "MI" },
    "496": { "cbsa": "24340", "metro": "Grand Rapids-Wyoming, MI", "state": "MI" },
    "497": { "cbsa": "46020", "metro": "Traverse City, MI", "state": "MI" },
    "498": { "cbsa": "19820", "metro": "Detroit-Warren-Dearborn, MI", "state": "MI" },
    "499": { "cbsa": "27100", "metro": "Jackson, MI", "state": "MI" },
    
    "500": { "cbsa": "19660", "metro": "Des Moines-West Des Moines, IA", "state": "IA" },
    "501": { "cbsa": "19660", "metro": "Des Moines-West Des Moines, IA", "state": "IA" },
    "502": { "cbsa": "19660", "metro": "Des Moines-West Des Moines, IA", "state": "IA" },
    "503": { "cbsa": "19660", "metro": "Des Moines-West Des Moines, IA", "state": "IA" },
    "504": { "cbsa": "49300", "metro": "Waterloo-Cedar Falls, IA", "state": "IA" },
    "505": { "cbsa": "49300", "metro": "Waterloo-Cedar Falls, IA", "state": "IA" },
    "506": { "cbsa": "49300", "metro": "Waterloo-Cedar Falls, IA", "state": "IA" },
    "507": { "cbsa": "49300", "metro": "Waterloo-Cedar Falls, IA", "state": "IA" },
    "508": { "cbsa": "19780", "metro": "Dubuque, IA", "state": "IA" },
    "510": { "cbsa": "43580", "metro": "Sioux City, IA-NE-SD", "state": "IA" },
    "511": { "cbsa": "43580", "metro": "Sioux City, IA-NE-SD", "state": "IA" },
    "512": { "cbsa": "16300", "metro": "Cedar Rapids, IA", "state": "IA" },
    "513": { "cbsa": "16300", "metro": "Cedar Rapids, IA", "state": "IA" },
    "514": { "cbsa": "16300", "metro": "Cedar Rapids, IA", "state": "IA" },
    "515": { "cbsa": "27500", "metro": "Iowa City, IA", "state": "IA" },
    "520": { "cbsa": "19780", "metro": "Dubuque, IA", "state": "IA" },
    "521": { "cbsa": "19780", "metro": "Dubuque, IA", "state": "IA" },
    "522": { "cbsa": "19780", "metro": "Dubuque, IA", "state": "IA" },
    "523": { "cbsa": "19780", "metro": "Dubuque, IA", "state": "IA" },
    "524": { "cbsa": "19780", "metro": "Dubuque, IA", "state": "IA" },
    "525": { "cbsa": "19780", "metro": "Dubuque, IA", "state": "IA" },
    "526": { "cbsa": "19780", "metro": "Dubuque, IA", "state": "IA" },
    "527": { "cbsa": "19780", "metro": "Dubuque, IA", "state": "IA" },
    "528": { "cbsa": "19780", "metro": "Dubuque, IA", "state": "IA" },
    
    "530": { "cbsa": "33340", "metro": "Milwaukee-Waukesha-West Allis, WI", "state": "WI" },
    "531": { "cbsa": "33340", "metro": "Milwaukee-Waukesha-West Allis, WI", "state": "WI" },
    "532": { "cbsa": "33340", "metro": "Milwaukee-Waukesha-West Allis, WI", "state": "WI" },
    "533": { "cbsa": "33340", "metro": "Milwaukee-Waukesha-West Allis, WI", "state": "WI" },
    "534": { "cbsa": "31540", "metro": "Madison, WI", "state": "WI" },
    "535": { "cbsa": "31540", "metro": "Madison, WI", "state": "WI" },
    "536": { "cbsa": "31540", "metro": "Madison, WI", "state": "WI" },
    "537": { "cbsa": "31540", "metro": "Madison, WI", "state": "WI" },
    "538": { "cbsa": "31540", "metro": "Madison, WI", "state": "WI" },
    "539": { "cbsa": "31540", "metro": "Madison, WI", "state": "WI" },
    "540": { "cbsa": "48140", "metro": "Wausau, WI", "state": "WI" },
    "541": { "cbsa": "24580", "metro": "Green Bay, WI", "state": "WI" },
    "542": { "cbsa": "24580", "metro": "Green Bay, WI", "state": "WI" },
    "543": { "cbsa": "24580", "metro": "Green Bay, WI", "state": "WI" },
    "544": { "cbsa": "48140", "metro": "Wausau, WI", "state": "WI" },
    "545": { "cbsa": "21140", "metro": "Eau Claire, WI", "state": "WI" },
    "546": { "cbsa": "29100", "metro": "La Crosse-Onalaska, WI-MN", "state": "WI" },
    "547": { "cbsa": "29100", "metro": "La Crosse-Onalaska, WI-MN", "state": "WI" },
    "548": { "cbsa": "21140", "metro": "Eau Claire, WI", "state": "WI" },
    "549": { "cbsa": "24580", "metro": "Green Bay, WI", "state": "WI" },
    
    "550": { "cbsa": "33460", "metro": "Minneapolis-St. Paul-Bloomington, MN-WI", "state": "MN" },
    "551": { "cbsa": "33460", "metro": "Minneapolis-St. Paul-Bloomington, MN-WI", "state": "MN" },
    "553": { "cbsa": "33460", "metro": "Minneapolis-St. Paul-Bloomington, MN-WI", "state": "MN" },
    "554": { "cbsa": "33460", "metro": "Minneapolis-St. Paul-Bloomington, MN-WI", "state": "MN" },
    "555": { "cbsa": "33460", "metro": "Minneapolis-St. Paul-Bloomington, MN-WI", "state": "MN" },
    "556": { "cbsa": "22020", "metro": "Fargo, ND-MN", "state": "MN" },
    "557": { "cbsa": "40340", "metro": "Rochester, MN", "state": "MN" },
    "558": { "cbsa": "20260", "metro": "Duluth, MN-WI", "state": "MN" },
    "559": { "cbsa": "40340", "metro": "Rochester, MN", "state": "MN" },
    "560": { "cbsa": "33460", "metro": "Minneapolis-St. Paul-Bloomington, MN-WI", "state": "MN" },
    "561": { "cbsa": "44140", "metro": "St. Cloud, MN", "state": "MN" },
    "562": { "cbsa": "44140", "metro": "St. Cloud, MN", "state": "MN" },
    "563": { "cbsa": "44140", "metro": "St. Cloud, MN", "state": "MN" },
    "564": { "cbsa": "13900", "metro": "Bemidji, MN", "state": "MN" },
    "565": { "cbsa": "13900", "metro": "Bemidji, MN", "state": "MN" },
    "566": { "cbsa": "24220", "metro": "Grand Forks, ND-MN", "state": "MN" },
    
    "570": { "cbsa": "43620", "metro": "Sioux Falls, SD", "state": "SD" },
    "571": { "cbsa": "43620", "metro": "Sioux Falls, SD", "state": "SD" },
    "572": { "cbsa": "39660", "metro": "Rapid City, SD", "state": "SD" },
    "573": { "cbsa": "39660", "metro": "Rapid City, SD", "state": "SD" },
    "574": { "cbsa": "39660", "metro": "Rapid City, SD", "state": "SD" },
    "575": { "cbsa": "39660", "metro": "Rapid City, SD", "state": "SD" },
    "576": { "cbsa": "39660", "metro": "Rapid City, SD", "state": "SD" },
    "577": { "cbsa": "39660", "metro": "Rapid City, SD", "state": "SD" },
    
    "580": { "cbsa": "13900", "metro": "Bismarck, ND", "state": "ND" },
    "581": { "cbsa": "22020", "metro": "Fargo, ND-MN", "state": "ND" },
    "582": { "cbsa": "24220", "metro": "Grand Forks, ND-MN", "state": "ND" },
    "583": { "cbsa": "33500", "metro": "Minot, ND", "state": "ND" },
    "584": { "cbsa": "33500", "metro": "Minot, ND", "state": "ND" },
    "585": { "cbsa": "13900", "metro": "Bismarck, ND", "state": "ND" },
    "586": { "cbsa": "22020", "metro": "Fargo, ND-MN", "state": "ND" },
    "587": { "cbsa": "33500", "metro": "Minot, ND", "state": "ND" },
    "588": { "cbsa": "22020", "metro": "Fargo, ND-MN", "state": "ND" },
    
    "590": { "cbsa": "13740", "metro": "Billings, MT", "state": "MT" },
    "591": { "cbsa": "13740", "metro": "Billings, MT", "state": "MT" },
    "592": { "cbsa": "24500", "metro": "Great Falls, MT", "state": "MT" },
    "593": { "cbsa": "24500", "metro": "Great Falls, MT", "state": "MT" },
    "594": { "cbsa": "33540", "metro": "Missoula, MT", "state": "MT" },
    "595": { "cbsa": "33540", "metro": "Missoula, MT", "state": "MT" },
    "596": { "cbsa": "33540", "metro": "Missoula, MT", "state": "MT" },
    "597": { "cbsa": "13740", "metro": "Billings, MT", "state": "MT" },
    "598": { "cbsa": "13740", "metro": "Billings, MT", "state": "MT" },
    "599": { "cbsa": "24500", "metro": "Great Falls, MT", "state": "MT" },
    
    "600": { "cbsa": "16980", "metro": "Chicago-Naperville-Elgin, IL-IN-WI", "state": "IL" },
    "601": { "cbsa": "16980", "metro": "Chicago-Naperville-Elgin, IL-IN-WI", "state": "IL" },
    "602": { "cbsa": "16980", "metro": "Chicago-Naperville-Elgin, IL-IN-WI", "state": "IL" },
    "603": { "cbsa": "16980", "metro": "Chicago-Naperville-Elgin, IL-IN-WI", "state": "IL" },
    "604": { "cbsa": "16980", "metro": "Chicago-Naperville-Elgin, IL-IN-WI", "state": "IL" },
    "605": { "cbsa": "16980", "metro": "Chicago-Naperville-Elgin, IL-IN-WI", "state": "IL" },
    "606": { "cbsa": "16980", "metro": "Chicago-Naperville-Elgin, IL-IN-WI", "state": "IL" },
    "607": { "cbsa": "16980", "metro": "Chicago-Naperville-Elgin, IL-IN-WI", "state": "IL" },
    "608": { "cbsa": "16980", "metro": "Chicago-Naperville-Elgin, IL-IN-WI", "state": "IL" },
    "609": { "cbsa": "16980", "metro": "Chicago-Naperville-Elgin, IL-IN-WI", "state": "IL" },
    "610": { "cbsa": "40420", "metro": "Rockford, IL", "state": "IL" },
    "611": { "cbsa": "40420", "metro": "Rockford, IL", "state": "IL" },
    "612": { "cbsa": "40420", "metro": "Rockford, IL", "state": "IL" },
    "613": { "cbsa": "29404", "metro": "Kankakee, IL", "state": "IL" },
    "614": { "cbsa": "37900", "metro": "Peoria, IL", "state": "IL" },
    "615": { "cbsa": "37900", "metro": "Peoria, IL", "state": "IL" },
    "616": { "cbsa": "37900", "metro": "Peoria, IL", "state": "IL" },
    "617": { "cbsa": "14010", "metro": "Bloomington, IL", "state": "IL" },
    "618": { "cbsa": "14010", "metro": "Bloomington, IL", "state": "IL" },
    "619": { "cbsa": "16060", "metro": "Champaign-Urbana, IL", "state": "IL" },
    "620": { "cbsa": "44100", "metro": "Springfield, IL", "state": "IL" },
    "621": { "cbsa": "44100", "metro": "Springfield, IL", "state": "IL" },
    "622": { "cbsa": "19340", "metro": "Davenport-Moline-Rock Island, IA-IL", "state": "IL" },
    "623": { "cbsa": "19340", "metro": "Davenport-Moline-Rock Island, IA-IL", "state": "IL" },
    "624": { "cbsa": "19340", "metro": "Davenport-Moline-Rock Island, IA-IL", "state": "IL" },
    "625": { "cbsa": "19340", "metro": "Davenport-Moline-Rock Island, IA-IL", "state": "IL" },
    "626": { "cbsa": "19340", "metro": "Davenport-Moline-Rock Island, IA-IL", "state": "IL" },
    "627": { "cbsa": "41180", "metro": "St. Louis, MO-IL", "state": "IL" },
    "628": { "cbsa": "41180", "metro": "St. Louis, MO-IL", "state": "IL" },
    "629": { "cbsa": "16460", "metro": "Carbondale-Marion, IL", "state": "IL" },
    
    "630": { "cbsa": "41180", "metro": "St. Louis, MO-IL", "state": "MO" },
    "631": { "cbsa": "41180", "metro": "St. Louis, MO-IL", "state": "MO" },
    "632": { "cbsa": "28140", "metro": "Kansas City, MO-KS", "state": "MO" },
    "633": { "cbsa": "41180", "metro": "St. Louis, MO-IL", "state": "MO" },
    "634": { "cbsa": "27900", "metro": "Jefferson City, MO", "state": "MO" },
    "635": { "cbsa": "44180", "metro": "Springfield, MO", "state": "MO" },
    "636": { "cbsa": "28140", "metro": "Kansas City, MO-KS", "state": "MO" },
    "637": { "cbsa": "41140", "metro": "St. Joseph, MO-KS", "state": "MO" },
    "638": { "cbsa": "27900", "metro": "Jefferson City, MO", "state": "MO" },
    "639": { "cbsa": "28140", "metro": "Kansas City, MO-KS", "state": "MO" },
    "640": { "cbsa": "28140", "metro": "Kansas City, MO-KS", "state": "MO" },
    "641": { "cbsa": "28140", "metro": "Kansas City, MO-KS", "state": "MO" },
    "644": { "cbsa": "28140", "metro": "Kansas City, MO-KS", "state": "MO" },
    "645": { "cbsa": "28140", "metro": "Kansas City, MO-KS", "state": "MO" },
    "646": { "cbsa": "17860", "metro": "Columbia, MO", "state": "MO" },
    "647": { "cbsa": "17860", "metro": "Columbia, MO", "state": "MO" },
    "648": { "cbsa": "27900", "metro": "Jefferson City, MO", "state": "MO" },
    "649": { "cbsa": "28140", "metro": "Kansas City, MO-KS", "state": "MO" },
    "650": { "cbsa": "28140", "metro": "Kansas City, MO-KS", "state": "MO" },
    "651": { "cbsa": "28140", "metro": "Kansas City, MO-KS", "state": "MO" },
    "652": { "cbsa": "17860", "metro": "Columbia, MO", "state": "MO" },
    "653": { "cbsa": "41180", "metro": "St. Louis, MO-IL", "state": "MO" },
    "654": { "cbsa": "27900", "metro": "Jefferson City, MO", "state": "MO" },
    "655": { "cbsa": "44180", "metro": "Springfield, MO", "state": "MO" },
    "656": { "cbsa": "44180", "metro": "Springfield, MO", "state": "MO" },
    "657": { "cbsa": "44180", "metro": "Springfield, MO", "state": "MO" },
    "658": { "cbsa": "27900", "metro": "Joplin, MO", "state": "MO" },
    
    "660": { "cbsa": "28140", "metro": "Kansas City, MO-KS", "state": "KS" },
    "661": { "cbsa": "48620", "metro": "Wichita, KS", "state": "KS" },
    "662": { "cbsa": "48620", "metro": "Wichita, KS", "state": "KS" },
    "664": { "cbsa": "45820", "metro": "Topeka, KS", "state": "KS" },
    "665": { "cbsa": "45820", "metro": "Topeka, KS", "state": "KS" },
    "666": { "cbsa": "28140", "metro": "Kansas City, MO-KS", "state": "KS" },
    "667": { "cbsa": "48620", "metro": "Wichita, KS", "state": "KS" },
    "668": { "cbsa": "48620", "metro": "Wichita, KS", "state": "KS" },
    "669": { "cbsa": "48620", "metro": "Wichita, KS", "state": "KS" },
    "670": { "cbsa": "48620", "metro": "Wichita, KS", "state": "KS" },
    "671": { "cbsa": "48620", "metro": "Wichita, KS", "state": "KS" },
    "672": { "cbsa": "48620", "metro": "Wichita, KS", "state": "KS" },
    "673": { "cbsa": "31740", "metro": "Manhattan, KS", "state": "KS" },
    "674": { "cbsa": "45820", "metro": "Topeka, KS", "state": "KS" },
    "675": { "cbsa": "48620", "metro": "Wichita, KS", "state": "KS" },
    "676": { "cbsa": "48620", "metro": "Wichita, KS", "state": "KS" },
    "677": { "cbsa": "30460", "metro": "Lawrence, KS", "state": "KS" },
    "678": { "cbsa": "21460", "metro": "Emporia, KS", "state": "KS" },
    "679": { "cbsa": "24500", "metro": "Garden City, KS", "state": "KS" },
    
    "680": { "cbsa": "36540", "metro": "Omaha-Council Bluffs, NE-IA", "state": "NE" },
    "681": { "cbsa": "36540", "metro": "Omaha-Council Bluffs, NE-IA", "state": "NE" },
    "683": { "cbsa": "30700", "metro": "Lincoln, NE", "state": "NE" },
    "684": { "cbsa": "30700", "metro": "Lincoln, NE", "state": "NE" },
    "685": { "cbsa": "30700", "metro": "Lincoln, NE", "state": "NE" },
    "686": { "cbsa": "24260", "metro": "Grand Island, NE", "state": "NE" },
    "687": { "cbsa": "24260", "metro": "Grand Island, NE", "state": "NE" },
    "688": { "cbsa": "24260", "metro": "Grand Island, NE", "state": "NE" },
    "689": { "cbsa": "36180", "metro": "North Platte, NE", "state": "NE" },
    "690": { "cbsa": "43580", "metro": "Sioux City, IA-NE-SD", "state": "NE" },
    "691": { "cbsa": "43580", "metro": "Sioux City, IA-NE-SD", "state": "NE" },
    "692": { "cbsa": "36540", "metro": "Omaha-Council Bluffs, NE-IA", "state": "NE" },
    "693": { "cbsa": "36540", "metro": "Omaha-Council Bluffs, NE-IA", "state": "NE" },
    
    "700": { "cbsa": "35380", "metro": "New Orleans-Metairie, LA", "state": "LA" },
    "701": { "cbsa": "35380", "metro": "New Orleans-Metairie, LA", "state": "LA" },
    "703": { "cbsa": "35380", "metro": "New Orleans-Metairie, LA", "state": "LA" },
    "704": { "cbsa": "35380", "metro": "New Orleans-Metairie, LA", "state": "LA" },
    "705": { "cbsa": "29180", "metro": "Lafayette, LA", "state": "LA" },
    "706": { "cbsa": "29180", "metro": "Lafayette, LA", "state": "LA" },
    "707": { "cbsa": "29180", "metro": "Lafayette, LA", "state": "LA" },
    "708": { "cbsa": "12940", "metro": "Baton Rouge, LA", "state": "LA" },
    "709": { "cbsa": "29180", "metro": "Lafayette, LA", "state": "LA" },
    "710": { "cbsa": "29180", "metro": "Lafayette, LA", "state": "LA" },
    "711": { "cbsa": "43340", "metro": "Shreveport-Bossier City, LA", "state": "LA" },
    "712": { "cbsa": "43340", "metro": "Shreveport-Bossier City, LA", "state": "LA" },
    "713": { "cbsa": "43340", "metro": "Shreveport-Bossier City, LA", "state": "LA" },
    "714": { "cbsa": "29180", "metro": "Lafayette, LA", "state": "LA" },
    "715": { "cbsa": "43340", "metro": "Shreveport-Bossier City, LA", "state": "LA" },
    "716": { "cbsa": "34860", "metro": "Monroe, LA", "state": "LA" },
    "717": { "cbsa": "34860", "metro": "Monroe, LA", "state": "LA" },
    "718": { "cbsa": "34860", "metro": "Monroe, LA", "state": "LA" },
    
    "716": { "cbsa": "30780", "metro": "Little Rock-North Little Rock-Conway, AR", "state": "AR" },
    "717": { "cbsa": "30780", "metro": "Little Rock-North Little Rock-Conway, AR", "state": "AR" },
    "718": { "cbsa": "30780", "metro": "Little Rock-North Little Rock-Conway, AR", "state": "AR" },
    "719": { "cbsa": "26300", "metro": "Hot Springs, AR", "state": "AR" },
    "720": { "cbsa": "30780", "metro": "Little Rock-North Little Rock-Conway, AR", "state": "AR" },
    "721": { "cbsa": "30780", "metro": "Little Rock-North Little Rock-Conway, AR", "state": "AR" },
    "722": { "cbsa": "22900", "metro": "Fort Smith, AR-OK", "state": "AR" },
    "723": { "cbsa": "27860", "metro": "Jonesboro, AR", "state": "AR" },
    "724": { "cbsa": "27860", "metro": "Jonesboro, AR", "state": "AR" },
    "725": { "cbsa": "22900", "metro": "Fort Smith, AR-OK", "state": "AR" },
    "726": { "cbsa": "22220", "metro": "Fayetteville-Springdale-Rogers, AR-MO", "state": "AR" },
    "727": { "cbsa": "22220", "metro": "Fayetteville-Springdale-Rogers, AR-MO", "state": "AR" },
    "728": { "cbsa": "22220", "metro": "Fayetteville-Springdale-Rogers, AR-MO", "state": "AR" },
    "729": { "cbsa": "22220", "metro": "Fayetteville-Springdale-Rogers, AR-MO", "state": "AR" },
    
    "730": { "cbsa": "36420", "metro": "Oklahoma City, OK", "state": "OK" },
    "731": { "cbsa": "36420", "metro": "Oklahoma City, OK", "state": "OK" },
    "733": { "cbsa": "21420", "metro": "Enid, OK", "state": "OK" },
    "734": { "cbsa": "29940", "metro": "Lawton, OK", "state": "OK" },
    "735": { "cbsa": "29940", "metro": "Lawton, OK", "state": "OK" },
    "736": { "cbsa": "36420", "metro": "Oklahoma City, OK", "state": "OK" },
    "737": { "cbsa": "36420", "metro": "Oklahoma City, OK", "state": "OK" },
    "738": { "cbsa": "36420", "metro": "Oklahoma City, OK", "state": "OK" },
    "739": { "cbsa": "36420", "metro": "Oklahoma City, OK", "state": "OK" },
    "740": { "cbsa": "46140", "metro": "Tulsa, OK", "state": "OK" },
    "741": { "cbsa": "46140", "metro": "Tulsa, OK", "state": "OK" },
    "743": { "cbsa": "46140", "metro": "Tulsa, OK", "state": "OK" },
    "744": { "cbsa": "46140", "metro": "Tulsa, OK", "state": "OK" },
    "745": { "cbsa": "46140", "metro": "Tulsa, OK", "state": "OK" },
    "746": { "cbsa": "46140", "metro": "Tulsa, OK", "state": "OK" },
    
    "750": { "cbsa": "19100", "metro": "Dallas-Fort Worth-Arlington, TX", "state": "TX" },
    "751": { "cbsa": "19100", "metro": "Dallas-Fort Worth-Arlington, TX", "state": "TX" },
    "752": { "cbsa": "19100", "metro": "Dallas-Fort Worth-Arlington, TX", "state": "TX" },
    "753": { "cbsa": "19100", "metro": "Dallas-Fort Worth-Arlington, TX", "state": "TX" },
    "754": { "cbsa": "19100", "metro": "Dallas-Fort Worth-Arlington, TX", "state": "TX" },
    "755": { "cbsa": "19100", "metro": "Dallas-Fort Worth-Arlington, TX", "state": "TX" },
    "756": { "cbsa": "19100", "metro": "Dallas-Fort Worth-Arlington, TX", "state": "TX" },
    "757": { "cbsa": "19100", "metro": "Dallas-Fort Worth-Arlington, TX", "state": "TX" },
    "758": { "cbsa": "19100", "metro": "Dallas-Fort Worth-Arlington, TX", "state": "TX" },
    "759": { "cbsa": "47380", "metro": "Waco, TX", "state": "TX" },
    "760": { "cbsa": "19100", "metro": "Dallas-Fort Worth-Arlington, TX", "state": "TX" },
    "761": { "cbsa": "19100", "metro": "Dallas-Fort Worth-Arlington, TX", "state": "TX" },
    "762": { "cbsa": "19100", "metro": "Dallas-Fort Worth-Arlington, TX", "state": "TX" },
    "763": { "cbsa": "47380", "metro": "Waco, TX", "state": "TX" },
    "764": { "cbsa": "47380", "metro": "Waco, TX", "state": "TX" },
    "765": { "cbsa": "46340", "metro": "Tyler, TX", "state": "TX" },
    "766": { "cbsa": "47380", "metro": "Waco, TX", "state": "TX" },
    "767": { "cbsa": "47380", "metro": "Waco, TX", "state": "TX" },
    "768": { "cbsa": "47380", "metro": "Waco, TX", "state": "TX" },
    "769": { "cbsa": "46340", "metro": "Tyler, TX", "state": "TX" },
    "770": { "cbsa": "26420", "metro": "Houston-The Woodlands-Sugar Land, TX", "state": "TX" },
    "771": { "cbsa": "26420", "metro": "Houston-The Woodlands-Sugar Land, TX", "state": "TX" },
    "772": { "cbsa": "26420", "metro": "Houston-The Woodlands-Sugar Land, TX", "state": "TX" },
    "773": { "cbsa": "26420", "metro": "Houston-The Woodlands-Sugar Land, TX", "state": "TX" },
    "774": { "cbsa": "26420", "metro": "Houston-The Woodlands-Sugar Land, TX", "state": "TX" },
    "775": { "cbsa": "26420", "metro": "Houston-The Woodlands-Sugar Land, TX", "state": "TX" },
    "776": { "cbsa": "26420", "metro": "Houston-The Woodlands-Sugar Land, TX", "state": "TX" },
    "777": { "cbsa": "26420", "metro": "Houston-The Woodlands-Sugar Land, TX", "state": "TX" },
    "778": { "cbsa": "13140", "metro": "Beaumont-Port Arthur, TX", "state": "TX" },
    "779": { "cbsa": "13140", "metro": "Beaumont-Port Arthur, TX", "state": "TX" },
    "780": { "cbsa": "11100", "metro": "Amarillo, TX", "state": "TX" },
    "781": { "cbsa": "31180", "metro": "Lubbock, TX", "state": "TX" },
    "782": { "cbsa": "31180", "metro": "Lubbock, TX", "state": "TX" },
    "783": { "cbsa": "31180", "metro": "Lubbock, TX", "state": "TX" },
    "784": { "cbsa": "11100", "metro": "Amarillo, TX", "state": "TX" },
    "785": { "cbsa": "11100", "metro": "Amarillo, TX", "state": "TX" },
    "786": { "cbsa": "11100", "metro": "Amarillo, TX", "state": "TX" },
    "787": { "cbsa": "33260", "metro": "Midland, TX", "state": "TX" },
    "788": { "cbsa": "36220", "metro": "Odessa, TX", "state": "TX" },
    "789": { "cbsa": "21340", "metro": "El Paso, TX", "state": "TX" },
    "790": { "cbsa": "21340", "metro": "El Paso, TX", "state": "TX" },
    "791": { "cbsa": "21340", "metro": "El Paso, TX", "state": "TX" },
    "792": { "cbsa": "21340", "metro": "El Paso, TX", "state": "TX" },
    "793": { "cbsa": "41700", "metro": "San Antonio-New Braunfels, TX", "state": "TX" },
    "794": { "cbsa": "41700", "metro": "San Antonio-New Braunfels, TX", "state": "TX" },
    "795": { "cbsa": "41700", "metro": "San Antonio-New Braunfels, TX", "state": "TX" },
    "796": { "cbsa": "10180", "metro": "Abilene, TX", "state": "TX" },
    "797": { "cbsa": "10180", "metro": "Abilene, TX", "state": "TX" },
    "798": { "cbsa": "10180", "metro": "Abilene, TX", "state": "TX" },
    "799": { "cbsa": "41700", "metro": "San Antonio-New Braunfels, TX", "state": "TX" },
    
    "800": { "cbsa": "19740", "metro": "Denver-Aurora-Lakewood, CO", "state": "CO" },
    "801": { "cbsa": "19740", "metro": "Denver-Aurora-Lakewood, CO", "state": "CO" },
    "802": { "cbsa": "19740", "metro": "Denver-Aurora-Lakewood, CO", "state": "CO" },
    "803": { "cbsa": "19740", "metro": "Denver-Aurora-Lakewood, CO", "state": "CO" },
    "804": { "cbsa": "14500", "metro": "Boulder, CO", "state": "CO" },
    "805": { "cbsa": "19740", "metro": "Denver-Aurora-Lakewood, CO", "state": "CO" },
    "806": { "cbsa": "24300", "metro": "Greeley, CO", "state": "CO" },
    "807": { "cbsa": "17820", "metro": "Colorado Springs, CO", "state": "CO" },
    "808": { "cbsa": "17820", "metro": "Colorado Springs, CO", "state": "CO" },
    "809": { "cbsa": "17820", "metro": "Colorado Springs, CO", "state": "CO" },
    "810": { "cbsa": "24300", "metro": "Greeley, CO", "state": "CO" },
    "811": { "cbsa": "24540", "metro": "Grand Junction, CO", "state": "CO" },
    "812": { "cbsa": "24300", "metro": "Greeley, CO", "state": "CO" },
    "813": { "cbsa": "39380", "metro": "Pueblo, CO", "state": "CO" },
    "814": { "cbsa": "24540", "metro": "Grand Junction, CO", "state": "CO" },
    "815": { "cbsa": "23900", "metro": "Fort Collins, CO", "state": "CO" },
    "816": { "cbsa": "24540", "metro": "Grand Junction, CO", "state": "CO" },
    
    "820": { "cbsa": "16020", "metro": "Casper, WY", "state": "WY" },
    "821": { "cbsa": "16940", "metro": "Cheyenne, WY", "state": "WY" },
    "822": { "cbsa": "16940", "metro": "Cheyenne, WY", "state": "WY" },
    "823": { "cbsa": "16020", "metro": "Casper, WY", "state": "WY" },
    "824": { "cbsa": "16020", "metro": "Casper, WY", "state": "WY" },
    "825": { "cbsa": "16020", "metro": "Casper, WY", "state": "WY" },
    "826": { "cbsa": "16020", "metro": "Casper, WY", "state": "WY" },
    "827": { "cbsa": "16020", "metro": "Casper, WY", "state": "WY" },
    "828": { "cbsa": "16020", "metro": "Casper, WY", "state": "WY" },
    "829": { "cbsa": "16020", "metro": "Casper, WY", "state": "WY" },
    "830": { "cbsa": "16020", "metro": "Casper, WY", "state": "WY" },
    "831": { "cbsa": "16020", "metro": "Casper, WY", "state": "WY" },
    
    "830": { "cbsa": "35100", "metro": "New Mexico", "state": "NM" },
    "831": { "cbsa": "10740", "metro": "Albuquerque, NM", "state": "NM" },
    "832": { "cbsa": "10740", "metro": "Albuquerque, NM", "state": "NM" },
    "833": { "cbsa": "22140", "metro": "Farmington, NM", "state": "NM" },
    "834": { "cbsa": "22140", "metro": "Farmington, NM", "state": "NM" },
    "835": { "cbsa": "29740", "metro": "Las Cruces, NM", "state": "NM" },
    "836": { "cbsa": "29740", "metro": "Las Cruces, NM", "state": "NM" },
    "837": { "cbsa": "29740", "metro": "Las Cruces, NM", "state": "NM" },
    "838": { "cbsa": "42140", "metro": "Santa Fe, NM", "state": "NM" },
    "839": { "cbsa": "10740", "metro": "Albuquerque, NM", "state": "NM" },
    
    "840": { "cbsa": "41740", "metro": "San Diego-Carlsbad, CA", "state": "AZ" },
    "850": { "cbsa": "38060", "metro": "Phoenix-Mesa-Scottsdale, AZ", "state": "AZ" },
    "851": { "cbsa": "38060", "metro": "Phoenix-Mesa-Scottsdale, AZ", "state": "AZ" },
    "852": { "cbsa": "38060", "metro": "Phoenix-Mesa-Scottsdale, AZ", "state": "AZ" },
    "853": { "cbsa": "38060", "metro": "Phoenix-Mesa-Scottsdale, AZ", "state": "AZ" },
    "854": { "cbsa": "38060", "metro": "Phoenix-Mesa-Scottsdale, AZ", "state": "AZ" },
    "855": { "cbsa": "38060", "metro": "Phoenix-Mesa-Scottsdale, AZ", "state": "AZ" },
    "856": { "cbsa": "46060", "metro": "Tucson, AZ", "state": "AZ" },
    "857": { "cbsa": "46060", "metro": "Tucson, AZ", "state": "AZ" },
    "859": { "cbsa": "46060", "metro": "Tucson, AZ", "state": "AZ" },
    "860": { "cbsa": "38060", "metro": "Phoenix-Mesa-Scottsdale, AZ", "state": "AZ" },
    "863": { "cbsa": "38060", "metro": "Phoenix-Mesa-Scottsdale, AZ", "state": "AZ" },
    "864": { "cbsa": "38060", "metro": "Phoenix-Mesa-Scottsdale, AZ", "state": "AZ" },
    "865": { "cbsa": "38060", "metro": "Phoenix-Mesa-Scottsdale, AZ", "state": "AZ" },
    
    "870": { "cbsa": "42140", "metro": "St. George, UT", "state": "UT" },
    "880": { "cbsa": "41620", "metro": "Salt Lake City, UT", "state": "UT" },
    "881": { "cbsa": "41620", "metro": "Salt Lake City, UT", "state": "UT" },
    "882": { "cbsa": "38340", "metro": "Provo-Orem, UT", "state": "UT" },
    "883": { "cbsa": "36260", "metro": "Ogden-Clearfield, UT", "state": "UT" },
    "884": { "cbsa": "36260", "metro": "Ogden-Clearfield, UT", "state": "UT" },
    "885": { "cbsa": "36260", "metro": "Ogden-Clearfield, UT", "state": "UT" },
    "886": { "cbsa": "38340", "metro": "Provo-Orem, UT", "state": "UT" },
    "887": { "cbsa": "41620", "metro": "Salt Lake City, UT", "state": "UT" },
    
    "889": { "cbsa": "29820", "metro": "Las Vegas-Henderson-Paradise, NV", "state": "NV" },
    "890": { "cbsa": "29820", "metro": "Las Vegas-Henderson-Paradise, NV", "state": "NV" },
    "891": { "cbsa": "29820", "metro": "Las Vegas-Henderson-Paradise, NV", "state": "NV" },
    "893": { "cbsa": "39900", "metro": "Reno, NV", "state": "NV" },
    "894": { "cbsa": "39900", "metro": "Reno, NV", "state": "NV" },
    "895": { "cbsa": "29820", "metro": "Las Vegas-Henderson-Paradise, NV", "state": "NV" },
    "897": { "cbsa": "39900", "metro": "Reno, NV", "state": "NV" },
    "898": { "cbsa": "39900", "metro": "Reno, NV", "state": "NV" },
    
    "832": { "cbsa": "14260", "metro": "Boise City, ID", "state": "ID" },
    "833": { "cbsa": "14260", "metro": "Boise City, ID", "state": "ID" },
    "834": { "cbsa": "26820", "metro": "Idaho Falls, ID", "state": "ID" },
    "835": { "cbsa": "26820", "metro": "Idaho Falls, ID", "state": "ID" },
    "836": { "cbsa": "14260", "metro": "Boise City, ID", "state": "ID" },
    "837": { "cbsa": "14260", "metro": "Boise City, ID", "state": "ID" },
    "838": { "cbsa": "38540", "metro": "Pocatello, ID", "state": "ID" },
    
    "900": { "cbsa": "31080", "metro": "Los Angeles-Long Beach-Anaheim, CA", "state": "CA" },
    "901": { "cbsa": "31080", "metro": "Los Angeles-Long Beach-Anaheim, CA", "state": "CA" },
    "902": { "cbsa": "31080", "metro": "Los Angeles-Long Beach-Anaheim, CA", "state": "CA" },
    "903": { "cbsa": "31080", "metro": "Los Angeles-Long Beach-Anaheim, CA", "state": "CA" },
    "904": { "cbsa": "31080", "metro": "Los Angeles-Long Beach-Anaheim, CA", "state": "CA" },
    "905": { "cbsa": "31080", "metro": "Los Angeles-Long Beach-Anaheim, CA", "state": "CA" },
    "906": { "cbsa": "31080", "metro": "Los Angeles-Long Beach-Anaheim, CA", "state": "CA" },
    "907": { "cbsa": "31080", "metro": "Los Angeles-Long Beach-Anaheim, CA", "state": "CA" },
    "908": { "cbsa": "31080", "metro": "Los Angeles-Long Beach-Anaheim, CA", "state": "CA" },
    "910": { "cbsa": "31080", "metro": "Los Angeles-Long Beach-Anaheim, CA", "state": "CA" },
    "911": { "cbsa": "31080", "metro": "Los Angeles-Long Beach-Anaheim, CA", "state": "CA" },
    "912": { "cbsa": "31080", "metro": "Los Angeles-Long Beach-Anaheim, CA", "state": "CA" },
    "913": { "cbsa": "31080", "metro": "Los Angeles-Long Beach-Anaheim, CA", "state": "CA" },
    "914": { "cbsa": "31080", "metro": "Los Angeles-Long Beach-Anaheim, CA", "state": "CA" },
    "915": { "cbsa": "31080", "metro": "Los Angeles-Long Beach-Anaheim, CA", "state": "CA" },
    "916": { "cbsa": "40900", "metro": "Sacramento--Roseville--Arden-Arcade, CA", "state": "CA" },
    "917": { "cbsa": "23420", "metro": "Fresno, CA", "state": "CA" },
    "918": { "cbsa": "31080", "metro": "Los Angeles-Long Beach-Anaheim, CA", "state": "CA" },
    "919": { "cbsa": "41740", "metro": "San Diego-Carlsbad, CA", "state": "CA" },
    "920": { "cbsa": "41740", "metro": "San Diego-Carlsbad, CA", "state": "CA" },
    "921": { "cbsa": "41740", "metro": "San Diego-Carlsbad, CA", "state": "CA" },
    "922": { "cbsa": "12540", "metro": "Bakersfield, CA", "state": "CA" },
    "923": { "cbsa": "31080", "metro": "Los Angeles-Long Beach-Anaheim, CA", "state": "CA" },
    "924": { "cbsa": "42020", "metro": "San Luis Obispo-Paso Robles-Arroyo Grande, CA", "state": "CA" },
    "925": { "cbsa": "41860", "metro": "San Francisco-Oakland-Hayward, CA", "state": "CA" },
    "926": { "cbsa": "41940", "metro": "San Jose-Sunnyvale-Santa Clara, CA", "state": "CA" },
    "927": { "cbsa": "41940", "metro": "San Jose-Sunnyvale-Santa Clara, CA", "state": "CA" },
    "928": { "cbsa": "41940", "metro": "San Jose-Sunnyvale-Santa Clara, CA", "state": "CA" },
    "930": { "cbsa": "36500", "metro": "Oxnard-Thousand Oaks-Ventura, CA", "state": "CA" },
    "931": { "cbsa": "42100", "metro": "Santa Barbara-Santa Maria-Goleta, CA", "state": "CA" },
    "932": { "cbsa": "12540", "metro": "Bakersfield, CA", "state": "CA" },
    "933": { "cbsa": "42020", "metro": "San Luis Obispo-Paso Robles-Arroyo Grande, CA", "state": "CA" },
    "934": { "cbsa": "42100", "metro": "Santa Barbara-Santa Maria-Goleta, CA", "state": "CA" },
    "935": { "cbsa": "33700", "metro": "Modesto, CA", "state": "CA" },
    "936": { "cbsa": "44700", "metro": "Stockton-Lodi, CA", "state": "CA" },
    "937": { "cbsa": "23420", "metro": "Fresno, CA", "state": "CA" },
    "938": { "cbsa": "40900", "metro": "Sacramento--Roseville--Arden-Arcade, CA", "state": "CA" },
    "939": { "cbsa": "40900", "metro": "Sacramento--Roseville--Arden-Arcade, CA", "state": "CA" },
    "940": { "cbsa": "41860", "metro": "San Francisco-Oakland-Hayward, CA", "state": "CA" },
    "941": { "cbsa": "41860", "metro": "San Francisco-Oakland-Hayward, CA", "state": "CA" },
    "942": { "cbsa": "44700", "metro": "Stockton-Lodi, CA", "state": "CA" },
    "943": { "cbsa": "40900", "metro": "Sacramento--Roseville--Arden-Arcade, CA", "state": "CA" },
    "944": { "cbsa": "41860", "metro": "San Francisco-Oakland-Hayward, CA", "state": "CA" },
    "945": { "cbsa": "41860", "metro": "San Francisco-Oakland-Hayward, CA", "state": "CA" },
    "946": { "cbsa": "41860", "metro": "San Francisco-Oakland-Hayward, CA", "state": "CA" },
    "947": { "cbsa": "12940", "metro": "Chico, CA", "state": "CA" },
    "948": { "cbsa": "40900", "metro": "Sacramento--Roseville--Arden-Arcade, CA", "state": "CA" },
    "949": { "cbsa": "41860", "metro": "San Francisco-Oakland-Hayward, CA", "state": "CA" },
    "950": { "cbsa": "42020", "metro": "Santa Cruz-Watsonville, CA", "state": "CA" },
    "951": { "cbsa": "40140", "metro": "Riverside-San Bernardino-Ontario, CA", "state": "CA" },
    "952": { "cbsa": "44700", "metro": "Stockton-Lodi, CA", "state": "CA" },
    "953": { "cbsa": "40140", "metro": "Riverside-San Bernardino-Ontario, CA", "state": "CA" },
    "954": { "cbsa": "42100", "metro": "Santa Rosa, CA", "state": "CA" },
    "955": { "cbsa": "40900", "metro": "Sacramento--Roseville--Arden-Arcade, CA", "state": "CA" },
    "956": { "cbsa": "40900", "metro": "Sacramento--Roseville--Arden-Arcade, CA", "state": "CA" },
    "959": { "cbsa": "40900", "metro": "Sacramento--Roseville--Arden-Arcade, CA", "state": "CA" },
    
    "970": { "cbsa": "38900", "metro": "Portland-Vancouver-Hillsboro, OR-WA", "state": "OR" },
    "971": { "cbsa": "38900", "metro": "Portland-Vancouver-Hillsboro, OR-WA", "state": "OR" },
    "972": { "cbsa": "38900", "metro": "Portland-Vancouver-Hillsboro, OR-WA", "state": "OR" },
    "973": { "cbsa": "41420", "metro": "Salem, OR", "state": "OR" },
    "974": { "cbsa": "21660", "metro": "Eugene, OR", "state": "OR" },
    "975": { "cbsa": "32780", "metro": "Medford, OR", "state": "OR" },
    "976": { "cbsa": "13460", "metro": "Bend-Redmond, OR", "state": "OR" },
    "977": { "cbsa": "13460", "metro": "Bend-Redmond, OR", "state": "OR" },
    
    "980": { "cbsa": "42660", "metro": "Seattle-Tacoma-Bellevue, WA", "state": "WA" },
    "981": { "cbsa": "42660", "metro": "Seattle-Tacoma-Bellevue, WA", "state": "WA" },
    "982": { "cbsa": "42660", "metro": "Seattle-Tacoma-Bellevue, WA", "state": "WA" },
    "983": { "cbsa": "42660", "metro": "Seattle-Tacoma-Bellevue, WA", "state": "WA" },
    "984": { "cbsa": "42660", "metro": "Seattle-Tacoma-Bellevue, WA", "state": "WA" },
    "985": { "cbsa": "36500", "metro": "Olympia-Tumwater, WA", "state": "WA" },
    "986": { "cbsa": "14740", "metro": "Bremerton-Silverdale, WA", "state": "WA" },
    "988": { "cbsa": "48300", "metro": "Wenatchee, WA", "state": "WA" },
    "989": { "cbsa": "47460", "metro": "Spokane-Spokane Valley, WA", "state": "WA" },
    "990": { "cbsa": "47460", "metro": "Spokane-Spokane Valley, WA", "state": "WA" },
    "991": { "cbsa": "28420", "metro": "Kennewick-Richland, WA", "state": "WA" },
    "992": { "cbsa": "28420", "metro": "Kennewick-Richland, WA", "state": "WA" },
    "993": { "cbsa": "48300", "metro": "Wenatchee, WA", "state": "WA" },
    
    "995": { "cbsa": "11260", "metro": "Anchorage, AK", "state": "AK" },
    "996": { "cbsa": "21820", "metro": "Fairbanks, AK", "state": "AK" },
    "997": { "cbsa": "11260", "metro": "Anchorage, AK", "state": "AK" },
    "998": { "cbsa": "11260", "metro": "Anchorage, AK", "state": "AK" },
    "999": { "cbsa": "11260", "metro": "Anchorage, AK", "state": "AK" },
    
    "967": { "cbsa": "46520", "metro": "Urban Honolulu, HI", "state": "HI" },
    "968": { "cbsa": "46520", "metro": "Urban Honolulu, HI", "state": "HI" }
  },
  "state_fallbacks": {
    "AL": { "cbsa": "13820", "metro": "Birmingham-Hoover, AL" },
    "AK": { "cbsa": "11260", "metro": "Anchorage, AK" },
    "AZ": { "cbsa": "38060", "metro": "Phoenix-Mesa-Scottsdale, AZ" },
    "AR": { "cbsa": "30780", "metro": "Little Rock-North Little Rock-Conway, AR" },
    "CA": { "cbsa": "31080", "metro": "Los Angeles-Long Beach-Anaheim, CA" },
    "CO": { "cbsa": "19740", "metro": "Denver-Aurora-Lakewood, CO" },
    "CT": { "cbsa": "25540", "metro": "Hartford-West Hartford-East Hartford, CT" },
    "DE": { "cbsa": "37980", "metro": "Philadelphia-Camden-Wilmington, PA-NJ-DE-MD" },
    "DC": { "cbsa": "47900", "metro": "Washington-Arlington-Alexandria, DC-VA-MD-WV" },
    "FL": { "cbsa": "33100", "metro": "Miami-Fort Lauderdale-West Palm Beach, FL" },
    "GA": { "cbsa": "12060", "metro": "Atlanta-Sandy Springs-Roswell, GA" },
    "HI": { "cbsa": "46520", "metro": "Urban Honolulu, HI" },
    "ID": { "cbsa": "14260", "metro": "Boise City, ID" },
    "IL": { "cbsa": "16980", "metro": "Chicago-Naperville-Elgin, IL-IN-WI" },
    "IN": { "cbsa": "26900", "metro": "Indianapolis-Carmel-Anderson, IN" },
    "IA": { "cbsa": "19660", "metro": "Des Moines-West Des Moines, IA" },
    "KS": { "cbsa": "48620", "metro": "Wichita, KS" },
    "KY": { "cbsa": "31140", "metro": "Louisville/Jefferson County, KY-IN" },
    "LA": { "cbsa": "35380", "metro": "New Orleans-Metairie, LA" },
    "ME": { "cbsa": "38860", "metro": "Portland-South Portland, ME" },
    "MD": { "cbsa": "12580", "metro": "Baltimore-Columbia-Towson, MD" },
    "MA": { "cbsa": "14460", "metro": "Boston-Cambridge-Newton, MA-NH" },
    "MI": { "cbsa": "19820", "metro": "Detroit-Warren-Dearborn, MI" },
    "MN": { "cbsa": "33460", "metro": "Minneapolis-St. Paul-Bloomington, MN-WI" },
    "MS": { "cbsa": "27140", "metro": "Jackson, MS" },
    "MO": { "cbsa": "28140", "metro": "Kansas City, MO-KS" },
    "MT": { "cbsa": "13740", "metro": "Billings, MT" },
    "NE": { "cbsa": "36540", "metro": "Omaha-Council Bluffs, NE-IA" },
    "NV": { "cbsa": "29820", "metro": "Las Vegas-Henderson-Paradise, NV" },
    "NH": { "cbsa": "14460", "metro": "Boston-Cambridge-Newton, MA-NH" },
    "NJ": { "cbsa": "35620", "metro": "New York-Newark-Jersey City, NY-NJ-PA" },
    "NM": { "cbsa": "10740", "metro": "Albuquerque, NM" },
    "NY": { "cbsa": "35620", "metro": "New York-Newark-Jersey City, NY-NJ-PA" },
    "NC": { "cbsa": "16740", "metro": "Charlotte-Concord-Gastonia, NC-SC" },
    "ND": { "cbsa": "22020", "metro": "Fargo, ND-MN" },
    "OH": { "cbsa": "18140", "metro": "Columbus, OH" },
    "OK": { "cbsa": "36420", "metro": "Oklahoma City, OK" },
    "OR": { "cbsa": "38900", "metro": "Portland-Vancouver-Hillsboro, OR-WA" },
    "PA": { "cbsa": "37980", "metro": "Philadelphia-Camden-Wilmington, PA-NJ-DE-MD" },
    "PR": { "cbsa": "41900", "metro": "San Juan-Carolina-Caguas, PR" },
    "RI": { "cbsa": "39300", "metro": "Providence-Warwick, RI-MA" },
    "SC": { "cbsa": "16700", "metro": "Charleston-North Charleston, SC" },
    "SD": { "cbsa": "43620", "metro": "Sioux Falls, SD" },
    "TN": { "cbsa": "34980", "metro": "Nashville-Davidson--Murfreesboro--Franklin, TN" },
    "TX": { "cbsa": "26420", "metro": "Houston-The Woodlands-Sugar Land, TX" },
    "UT": { "cbsa": "41620", "metro": "Salt Lake City, UT" },
    "VT": { "cbsa": "11700", "metro": "Burlington-South Burlington, VT" },
    "VA": { "cbsa": "47900", "metro": "Washington-Arlington-Alexandria, DC-VA-MD-WV" },
    "WA": { "cbsa": "42660", "metro": "Seattle-Tacoma-Bellevue, WA" },
    "WV": { "cbsa": "16300", "metro": "Charleston, WV" },
    "WI": { "cbsa": "33340", "metro": "Milwaukee-Waukesha-West Allis, WI" },
    "WY": { "cbsa": "16940", "metro": "Cheyenne, WY" }
  }
}
