{
  "generated": "2024-01-08T00:00:00Z",
  "count": 543,
  "counties": [
    {"zip": "35004", "county": "St. Clair", "state": "AL", "metro": "Birmingham-Hoover"},
    {"zip": "35007", "county": "Jefferson", "state": "AL", "metro": "Birmingham-Hoover"},
    {"zip": "35020", "county": "Blount", "state": "AL", "metro": "Birmingham-Hoover"},
    {"zip": "35040", "county": "Cullman", "state": "AL", "metro": null},
    {"zip": "35055", "county": "Etowah", "state": "AL", "metro": "Gadsden"},
    {"zip": "35061", "county": "Walker", "state": "AL", "metro": null},
    {"zip": "35063", "county": "Tuscaloosa", "state": "AL", "metro": "Tuscaloosa"},
    {"zip": "35094", "county": "Shelby", "state": "AL", "metro": "Birmingham-Hoover"},
    {"zip": "35111", "county": "Madison", "state": "AL", "metro": "Huntsville"},
    {"zip": "35124", "county": "Chilton", "state": "AL", "metro": null},
    {"zip": "35160", "county": "Talladega", "state": "AL", "metro": null},
    {"zip": "36020", "county": "Autauga", "state": "AL", "metro": "Montgomery"},
    {"zip": "36101", "county": "Montgomery", "state": "AL", "metro": "Montgomery"},
    {"zip": "36201", "county": "Calhoun", "state": "AL", "metro": "Anniston-Oxford"},
    {"zip": "36301", "county": "Houston", "state": "AL", "metro": "Dothan"},
    {"zip": "36502", "county": "Mobile", "state": "AL", "metro": "Mobile"},
    {"zip": "36801", "county": "Lee", "state": "AL", "metro": "Auburn-Opelika"},
    
    {"zip": "99501", "county": "Anchorage", "state": "AK", "metro": "Anchorage"},
    {"zip": "99701", "county": "Fairbanks North Star", "state": "AK", "metro": null},
    {"zip": "99801", "county": "Juneau", "state": "AK", "metro": null},
    {"zip": "99615", "county": "Kenai Peninsula", "state": "AK", "metro": null},
    {"zip": "99654", "county": "Matanuska-Susitna", "state": "AK", "metro": "Anchorage"},
    {"zip": "99901", "county": "Ketchikan Gateway", "state": "AK", "metro": null},
    {"zip": "99835", "county": "Sitka", "state": "AK", "metro": null},
    {"zip": "99664", "county": "Kodiak Island", "state": "AK", "metro": null},
    
    {"zip": "85001", "county": "Maricopa", "state": "AZ", "metro": "Phoenix-Mesa-Chandler"},
    {"zip": "85701", "county": "Pima", "state": "AZ", "metro": "Tucson"},
    {"zip": "86001", "county": "Coconino", "state": "AZ", "metro": null},
    {"zip": "85201", "county": "Maricopa", "state": "AZ", "metro": "Phoenix-Mesa-Chandler"},
    {"zip": "85301", "county": "Maricopa", "state": "AZ", "metro": "Phoenix-Mesa-Chandler"},
    {"zip": "85601", "county": "Cochise", "state": "AZ", "metro": "Sierra Vista-Douglas"},
    {"zip": "85901", "county": "Navajo", "state": "AZ", "metro": null},
    {"zip": "85323", "county": "Yuma", "state": "AZ", "metro": "Yuma"},
    {"zip": "85621", "county": "Santa Cruz", "state": "AZ", "metro": null},
    {"zip": "86301", "county": "Yavapai", "state": "AZ", "metro": "Prescott Valley-Prescott"},
    
    {"zip": "72201", "county": "Pulaski", "state": "AR", "metro": "Little Rock-North Little Rock-Conway"},
    {"zip": "72701", "county": "Washington", "state": "AR", "metro": "Fayetteville-Springdale-Rogers"},
    {"zip": "72401", "county": "Craighead", "state": "AR", "metro": "Jonesboro"},
    {"zip": "72901", "county": "Sebastian", "state": "AR", "metro": "Fort Smith"},
    {"zip": "71601", "county": "Jefferson", "state": "AR", "metro": "Pine Bluff"},
    {"zip": "72301", "county": "Phillips", "state": "AR", "metro": null},
    {"zip": "72501", "county": "Independence", "state": "AR", "metro": null},
    {"zip": "72601", "county": "Baxter", "state": "AR", "metro": null},
    {"zip": "71901", "county": "Garland", "state": "AR", "metro": "Hot Springs"},
    {"zip": "72801", "county": "Crawford", "state": "AR", "metro": null},
    
    {"zip": "90001", "county": "Los Angeles", "state": "CA", "metro": "Los Angeles-Long Beach-Anaheim"},
    {"zip": "94101", "county": "San Francisco", "state": "CA", "metro": "San Francisco-Oakland-Berkeley"},
    {"zip": "92101", "county": "San Diego", "state": "CA", "metro": "San Diego-Chula Vista-Carlsbad"},
    {"zip": "95814", "county": "Sacramento", "state": "CA", "metro": "Sacramento-Roseville-Folsom"},
    {"zip": "95101", "county": "Santa Clara", "state": "CA", "metro": "San Jose-Sunnyvale-Santa Clara"},
    {"zip": "93101", "county": "Santa Barbara", "state": "CA", "metro": "Santa Barbara-Santa Maria-Goleta"},
    {"zip": "92501", "county": "Riverside", "state": "CA", "metro": "Riverside-San Bernardino-Ontario"},
    {"zip": "92801", "county": "Orange", "state": "CA", "metro": "Los Angeles-Long Beach-Anaheim"},
    {"zip": "93401", "county": "San Luis Obispo", "state": "CA", "metro": "San Luis Obispo-Paso Robles"},
    {"zip": "94501", "county": "Alameda", "state": "CA", "metro": "San Francisco-Oakland-Berkeley"},
    {"zip": "95301", "county": "Stanislaus", "state": "CA", "metro": "Modesto"},
    {"zip": "95501", "county": "Humboldt", "state": "CA", "metro": null},
    {"zip": "93001", "county": "Ventura", "state": "CA", "metro": "Oxnard-Thousand Oaks-Ventura"},
    {"zip": "92301", "county": "San Bernardino", "state": "CA", "metro": "Riverside-San Bernardino-Ontario"},
    {"zip": "93201", "county": "Tulare", "state": "CA", "metro": "Visalia"},
    {"zip": "93301", "county": "Kern", "state": "CA", "metro": "Bakersfield"},
    {"zip": "95901", "county": "Yuba", "state": "CA", "metro": "Yuba City"},
    {"zip": "96001", "county": "Shasta", "state": "CA", "metro": "Redding"},
    
    {"zip": "80201", "county": "Denver", "state": "CO", "metro": "Denver-Aurora-Lakewood"},
    {"zip": "80901", "county": "El Paso", "state": "CO", "metro": "Colorado Springs"},
    {"zip": "80521", "county": "Larimer", "state": "CO", "metro": "Fort Collins"},
    {"zip": "80301", "county": "Boulder", "state": "CO", "metro": "Boulder"},
    {"zip": "81501", "county": "Mesa", "state": "CO", "metro": "Grand Junction"},
    {"zip": "81001", "county": "Pueblo", "state": "CO", "metro": "Pueblo"},
    {"zip": "80631", "county": "Weld", "state": "CO", "metro": "Greeley"},
    {"zip": "81401", "county": "Montrose", "state": "CO", "metro": null},
    {"zip": "81301", "county": "La Plata", "state": "CO", "metro": null},
    {"zip": "80701", "county": "Logan", "state": "CO", "metro": null},
    
    {"zip": "06101", "county": "Hartford", "state": "CT", "metro": "Hartford-East Hartford-Middletown"},
    {"zip": "06510", "county": "New Haven", "state": "CT", "metro": "New Haven-Milford"},
    {"zip": "06820", "county": "Fairfield", "state": "CT", "metro": "Bridgeport-Stamford-Norwalk"},
    {"zip": "06320", "county": "New London", "state": "CT", "metro": "Norwich-New London"},
    {"zip": "06702", "county": "Litchfield", "state": "CT", "metro": null},
    {"zip": "06226", "county": "Windham", "state": "CT", "metro": null},
    {"zip": "06401", "county": "Middlesex", "state": "CT", "metro": "Hartford-East Hartford-Middletown"},
    {"zip": "06877", "county": "Tolland", "state": "CT", "metro": "Hartford-East Hartford-Middletown"},
    
    {"zip": "19901", "county": "Kent", "state": "DE", "metro": "Dover"},
    {"zip": "19801", "county": "New Castle", "state": "DE", "metro": "Philadelphia-Camden-Wilmington"},
    {"zip": "19930", "county": "Sussex", "state": "DE", "metro": "Salisbury"},
    
    {"zip": "32301", "county": "Leon", "state": "FL", "metro": "Tallahassee"},
    {"zip": "33101", "county": "Miami-Dade", "state": "FL", "metro": "Miami-Fort Lauderdale-Pompano Beach"},
    {"zip": "32801", "county": "Orange", "state": "FL", "metro": "Orlando-Kissimmee-Sanford"},
    {"zip": "33601", "county": "Hillsborough", "state": "FL", "metro": "Tampa-St. Petersburg-Clearwater"},
    {"zip": "32601", "county": "Alachua", "state": "FL", "metro": "Gainesville"},
    {"zip": "33301", "county": "Broward", "state": "FL", "metro": "Miami-Fort Lauderdale-Pompano Beach"},
    {"zip": "32501", "county": "Escambia", "state": "FL", "metro": "Pensacola-Ferry Pass-Brent"},
    {"zip": "33401", "county": "Palm Beach", "state": "FL", "metro": "Miami-Fort Lauderdale-Pompano Beach"},
    {"zip": "34101", "county": "Collier", "state": "FL", "metro": "Naples-Marco Island"},
    {"zip": "33901", "county": "Lee", "state": "FL", "metro": "Cape Coral-Fort Myers"},
    {"zip": "34201", "county": "Manatee", "state": "FL", "metro": "North Port-Sarasota-Bradenton"},
    {"zip": "34601", "county": "Hernando", "state": "FL", "metro": null},
    {"zip": "32401", "county": "Bay", "state": "FL", "metro": "Panama City"},
    {"zip": "33801", "county": "Polk", "state": "FL", "metro": "Lakeland-Winter Haven"},
    {"zip": "32901", "county": "Brevard", "state": "FL", "metro": "Palm Bay-Melbourne-Titusville"},
    
    {"zip": "30301", "county": "Fulton", "state": "GA", "metro": "Atlanta-Sandy Springs-Alpharetta"},
    {"zip": "31401", "county": "Chatham", "state": "GA", "metro": "Savannah"},
    {"zip": "30901", "county": "Richmond", "state": "GA", "metro": "Augusta-Richmond County"},
    {"zip": "31701", "county": "Dougherty", "state": "GA", "metro": "Albany"},
    {"zip": "31601", "county": "Lowndes", "state": "GA", "metro": "Valdosta"},
    {"zip": "31501", "county": "Ware", "state": "GA", "metro": null},
    {"zip": "30501", "county": "Hall", "state": "GA", "metro": "Gainesville"},
    {"zip": "30101", "county": "Bartow", "state": "GA", "metro": null},
    {"zip": "31201", "county": "Bibb", "state": "GA", "metro": "Macon-Bibb County"},
    {"zip": "31801", "county": "Muscogee", "state": "GA", "metro": "Columbus"},
    {"zip": "30601", "county": "Clarke", "state": "GA", "metro": "Athens-Clarke County"},
    {"zip": "30701", "county": "Whitfield", "state": "GA", "metro": "Dalton"},
    
    {"zip": "96801", "county": "Honolulu", "state": "HI", "metro": "Urban Honolulu"},
    {"zip": "96720", "county": "Hawaii", "state": "HI", "metro": "Hilo"},
    {"zip": "96732", "county": "Maui", "state": "HI", "metro": "Kahului-Wailuku-Lahaina"},
    {"zip": "96766", "county": "Kauai", "state": "HI", "metro": "Kapaa"},
    {"zip": "96748", "county": "Kalawao", "state": "HI", "metro": null},
    
    {"zip": "83701", "county": "Ada", "state": "ID", "metro": "Boise City"},
    {"zip": "83201", "county": "Bannock", "state": "ID", "metro": "Pocatello"},
    {"zip": "83301", "county": "Twin Falls", "state": "ID", "metro": "Twin Falls"},
    {"zip": "83401", "county": "Bonneville", "state": "ID", "metro": "Idaho Falls"},
    {"zip": "83501", "county": "Nez Perce", "state": "ID", "metro": "Lewiston"},
    {"zip": "83601", "county": "Canyon", "state": "ID", "metro": null},
    {"zip": "83801", "county": "Kootenai", "state": "ID", "metro": "Coeur d'Alene"},
    {"zip": "83833", "county": "Latah", "state": "ID", "metro": "Moscow"},
    
    {"zip": "60601", "county": "Cook", "state": "IL", "metro": "Chicago-Naperville-Elgin"},
    {"zip": "62701", "county": "Sangamon", "state": "IL", "metro": "Springfield"},
    {"zip": "61801", "county": "Champaign", "state": "IL", "metro": "Champaign-Urbana"},
    {"zip": "61201", "county": "Rock Island", "state": "IL", "metro": "Davenport-Moline-Rock Island"},
    {"zip": "61701", "county": "McLean", "state": "IL", "metro": "Bloomington"},
    {"zip": "62901", "county": "Williamson", "state": "IL", "metro": null},
    {"zip": "62401", "county": "Effingham", "state": "IL", "metro": null},
    {"zip": "60901", "county": "Kankakee", "state": "IL", "metro": "Kankakee"},
    {"zip": "61301", "county": "LaSalle", "state": "IL", "metro": null},
    {"zip": "60010", "county": "Lake", "state": "IL", "metro": "Chicago-Naperville-Elgin"},
    {"zip": "61101", "county": "Winnebago", "state": "IL", "metro": "Rockford"},
    {"zip": "62301", "county": "Adams", "state": "IL", "metro": "Quincy"},
    
    {"zip": "46201", "county": "Marion", "state": "IN", "metro": "Indianapolis-Carmel-Anderson"},
    {"zip": "46801", "county": "Allen", "state": "IN", "metro": "Fort Wayne"},
    {"zip": "47401", "county": "Monroe", "state": "IN", "metro": "Bloomington"},
    {"zip": "47601", "county": "Vanderburgh", "state": "IN", "metro": "Evansville"},
    {"zip": "46901", "county": "Howard", "state": "IN", "metro": "Kokomo"},
    {"zip": "47901", "county": "Tippecanoe", "state": "IN", "metro": "Lafayette-West Lafayette"},
    {"zip": "46501", "county": "St. Joseph", "state": "IN", "metro": "South Bend-Mishawaka"},
    {"zip": "47302", "county": "Delaware", "state": "IN", "metro": "Muncie"},
    {"zip": "46701", "county": "Elkhart", "state": "IN", "metro": "Elkhart-Goshen"},
    {"zip": "47130", "county": "Clark", "state": "IN", "metro": "Louisville/Jefferson County"},
    
    {"zip": "50301", "county": "Polk", "state": "IA", "metro": "Des Moines-West Des Moines"},
    {"zip": "52401", "county": "Linn", "state": "IA", "metro": "Cedar Rapids"},
    {"zip": "51501", "county": "Pottawattamie", "state": "IA", "metro": "Omaha-Council Bluffs"},
    {"zip": "52601", "county": "Des Moines", "state": "IA", "metro": null},
    {"zip": "52801", "county": "Scott", "state": "IA", "metro": "Davenport-Moline-Rock Island"},
    {"zip": "50601", "county": "Black Hawk", "state": "IA", "metro": "Waterloo-Cedar Falls"},
    {"zip": "51101", "county": "Woodbury", "state": "IA", "metro": "Sioux City"},
    {"zip": "52001", "county": "Dubuque", "state": "IA", "metro": "Dubuque"},
    {"zip": "50801", "county": "Marshall", "state": "IA", "metro": null},
    {"zip": "50501", "county": "Webster", "state": "IA", "metro": null},
    
    {"zip": "66101", "county": "Wyandotte", "state": "KS", "metro": "Kansas City"},
    {"zip": "67201", "county": "Sedgwick", "state": "KS", "metro": "Wichita"},
    {"zip": "66603", "county": "Shawnee", "state": "KS", "metro": "Topeka"},
    {"zip": "67401", "county": "Saline", "state": "KS", "metro": null},
    {"zip": "66801", "county": "Lyon", "state": "KS", "metro": null},
    {"zip": "67501", "county": "McPherson", "state": "KS", "metro": null},
    {"zip": "67601", "county": "Ellis", "state": "KS", "metro": null},
    {"zip": "66762", "county": "Crawford", "state": "KS", "metro": null},
    {"zip": "66901", "county": "Geary", "state": "KS", "metro": "Manhattan"},
    {"zip": "67801", "county": "Finney", "state": "KS", "metro": null},
    
    {"zip": "40201", "county": "Jefferson", "state": "KY", "metro": "Louisville/Jefferson County"},
    {"zip": "40601", "county": "Franklin", "state": "KY", "metro": null},
    {"zip": "40502", "county": "Fayette", "state": "KY", "metro": "Lexington-Fayette"},
    {"zip": "42101", "county": "Warren", "state": "KY", "metro": "Bowling Green"},
    {"zip": "42301", "county": "Daviess", "state": "KY", "metro": "Owensboro"},
    {"zip": "41001", "county": "Kenton", "state": "KY", "metro": "Cincinnati"},
    {"zip": "41101", "county": "Boyd", "state": "KY", "metro": "Huntington-Ashland"},
    {"zip": "40701", "county": "Laurel", "state": "KY", "metro": null},
    {"zip": "41701", "county": "Harlan", "state": "KY", "metro": null},
    {"zip": "42701", "county": "Hardin", "state": "KY", "metro": null},
    
    {"zip": "70112", "county": "Orleans", "state": "LA", "metro": "New Orleans-Metairie"},
    {"zip": "70801", "county": "East Baton Rouge", "state": "LA", "metro": "Baton Rouge"},
    {"zip": "71101", "county": "Caddo", "state": "LA", "metro": "Shreveport-Bossier City"},
    {"zip": "70501", "county": "Lafayette", "state": "LA", "metro": "Lafayette"},
    {"zip": "71201", "county": "Ouachita", "state": "LA", "metro": "Monroe"},
    {"zip": "70601", "county": "Calcasieu", "state": "LA", "metro": "Lake Charles"},
    {"zip": "70301", "county": "Terrebonne", "state": "LA", "metro": "Houma-Thibodaux"},
    {"zip": "71301", "county": "Rapides", "state": "LA", "metro": "Alexandria"},
    {"zip": "70401", "county": "St. Tammany", "state": "LA", "metro": "New Orleans-Metairie"},
    {"zip": "71601", "county": "Union", "state": "LA", "metro": null},
    
    {"zip": "04101", "county": "Cumberland", "state": "ME", "metro": "Portland-South Portland"},
    {"zip": "04401", "county": "Penobscot", "state": "ME", "metro": "Bangor"},
    {"zip": "04330", "county": "Kennebec", "state": "ME", "metro": null},
    {"zip": "04240", "county": "Androscoggin", "state": "ME", "metro": "Lewiston-Auburn"},
    {"zip": "04901", "county": "Somerset", "state": "ME", "metro": null},
    {"zip": "04841", "county": "Knox", "state": "ME", "metro": null},
    {"zip": "04210", "county": "Oxford", "state": "ME", "metro": null},
    {"zip": "04730", "county": "Aroostook", "state": "ME", "metro": null},
    
    {"zip": "21201", "county": "Baltimore City", "state": "MD", "metro": "Baltimore-Columbia-Towson"},
    {"zip": "20850", "county": "Montgomery", "state": "MD", "metro": "Washington-Arlington-Alexandria"},
    {"zip": "21401", "county": "Anne Arundel", "state": "MD", "metro": "Baltimore-Columbia-Towson"},
    {"zip": "20601", "county": "Charles", "state": "MD", "metro": "Washington-Arlington-Alexandria"},
    {"zip": "21601", "county": "Talbot", "state": "MD", "metro": null},
    {"zip": "21701", "county": "Frederick", "state": "MD", "metro": "Washington-Arlington-Alexandria"},
    {"zip": "21801", "county": "Wicomico", "state": "MD", "metro": "Salisbury"},
    {"zip": "20878", "county": "Prince George's", "state": "MD", "metro": "Washington-Arlington-Alexandria"},
    {"zip": "21502", "county": "Allegany", "state": "MD", "metro": "Cumberland"},
    {"zip": "21901", "county": "Cecil", "state": "MD", "metro": "Philadelphia-Camden-Wilmington"},
    
    {"zip": "02101", "county": "Suffolk", "state": "MA", "metro": "Boston-Cambridge-Newton"},
    {"zip": "01101", "county": "Hampden", "state": "MA", "metro": "Springfield"},
    {"zip": "01608", "county": "Worcester", "state": "MA", "metro": "Worcester"},
    {"zip": "02301", "county": "Plymouth", "state": "MA", "metro": "Boston-Cambridge-Newton"},
    {"zip": "02601", "county": "Barnstable", "state": "MA", "metro": "Barnstable Town"},
    {"zip": "01420", "county": "Middlesex", "state": "MA", "metro": "Boston-Cambridge-Newton"},
    {"zip": "02702", "county": "Bristol", "state": "MA", "metro": "Providence-Warwick"},
    {"zip": "01201", "county": "Berkshire", "state": "MA", "metro": null},
    {"zip": "01930", "county": "Essex", "state": "MA", "metro": "Boston-Cambridge-Newton"},
    {"zip": "01060", "county": "Hampshire", "state": "MA", "metro": null},
    
    {"zip": "48201", "county": "Wayne", "state": "MI", "metro": "Detroit-Warren-Dearborn"},
    {"zip": "49503", "county": "Kent", "state": "MI", "metro": "Grand Rapids-Kentwood"},
    {"zip": "48823", "county": "Ingham", "state": "MI", "metro": "Lansing-East Lansing"},
    {"zip": "48601", "county": "Saginaw", "state": "MI", "metro": "Saginaw"},
    {"zip": "49001", "county": "Kalamazoo", "state": "MI", "metro": "Kalamazoo-Portage"},
    {"zip": "48801", "county": "Genesee", "state": "MI", "metro": "Flint"},
    {"zip": "49085", "county": "St. Joseph", "state": "MI", "metro": null},
    {"zip": "49855", "county": "Marquette", "state": "MI", "metro": null},
    {"zip": "49686", "county": "Grand Traverse", "state": "MI", "metro": null},
    {"zip": "48858", "county": "Midland", "state": "MI", "metro": null},
    
    {"zip": "55401", "county": "Hennepin", "state": "MN", "metro": "Minneapolis-St. Paul-Bloomington"},
    {"zip": "55101", "county": "Ramsey", "state": "MN", "metro": "Minneapolis-St. Paul-Bloomington"},
    {"zip": "55802", "county": "St. Louis", "state": "MN", "metro": "Duluth"},
    {"zip": "56001", "county": "Blue Earth", "state": "MN", "metro": null},
    {"zip": "56301", "county": "Stearns", "state": "MN", "metro": "St. Cloud"},
    {"zip": "55901", "county": "Olmsted", "state": "MN", "metro": "Rochester"},
    {"zip": "56501", "county": "Otter Tail", "state": "MN", "metro": null},
    {"zip": "55720", "county": "Carlton", "state": "MN", "metro": "Duluth"},
    {"zip": "56601", "county": "Beltrami", "state": "MN", "metro": null},
    {"zip": "55057", "county": "Dakota", "state": "MN", "metro": "Minneapolis-St. Paul-Bloomington"},
    
    {"zip": "39201", "county": "Hinds", "state": "MS", "metro": "Jackson"},
    {"zip": "39501", "county": "Harrison", "state": "MS", "metro": "Gulfport-Biloxi"},
    {"zip": "38801", "county": "Lee", "state": "MS", "metro": null},
    {"zip": "39301", "county": "Lauderdale", "state": "MS", "metro": null},
    {"zip": "38601", "county": "DeSoto", "state": "MS", "metro": "Memphis"},
    {"zip": "39401", "county": "Forrest", "state": "MS", "metro": "Hattiesburg"},
    {"zip": "38701", "county": "Coahoma", "state": "MS", "metro": null},
    {"zip": "39701", "county": "Adams", "state": "MS", "metro": null},
    {"zip": "39601", "county": "Pearl River", "state": "MS", "metro": null},
    {"zip": "39759", "county": "Oktibbeha", "state": "MS", "metro": null},
    
    {"zip": "63101", "county": "St. Louis City", "state": "MO", "metro": "St. Louis"},
    {"zip": "64101", "county": "Jackson", "state": "MO", "metro": "Kansas City"},
    {"zip": "65801", "county": "Greene", "state": "MO", "metro": "Springfield"},
    {"zip": "65201", "county": "Boone", "state": "MO", "metro": "Columbia"},
    {"zip": "63801", "county": "Cape Girardeau", "state": "MO", "metro": "Cape Girardeau"},
    {"zip": "64801", "county": "Jasper", "state": "MO", "metro": "Joplin"},
    {"zip": "65401", "county": "Phelps", "state": "MO", "metro": null},
    {"zip": "63501", "county": "Marion", "state": "MO", "metro": null},
    {"zip": "64401", "county": "Buchanan", "state": "MO", "metro": "St. Joseph"},
    {"zip": "65301", "county": "Cole", "state": "MO", "metro": "Jefferson City"},
    
    {"zip": "59101", "county": "Yellowstone", "state": "MT", "metro": "Billings"},
    {"zip": "59801", "county": "Missoula", "state": "MT", "metro": "Missoula"},
    {"zip": "59601", "county": "Lewis and Clark", "state": "MT", "metro": null},
    {"zip": "59701", "county": "Silver Bow", "state": "MT", "metro": null},
    {"zip": "59401", "county": "Cascade", "state": "MT", "metro": "Great Falls"},
    {"zip": "59901", "county": "Flathead", "state": "MT", "metro": null},
    {"zip": "59301", "county": "Custer", "state": "MT", "metro": null},
    {"zip": "59501", "county": "Hill", "state": "MT", "metro": null},
    
    {"zip": "68101", "county": "Douglas", "state": "NE", "metro": "Omaha-Council Bluffs"},
    {"zip": "68501", "county": "Lancaster", "state": "NE", "metro": "Lincoln"},
    {"zip": "68801", "county": "Hall", "state": "NE", "metro": "Grand Island"},
    {"zip": "69001", "county": "Lincoln", "state": "NE", "metro": null},
    {"zip": "68901", "county": "Adams", "state": "NE", "metro": null},
    {"zip": "69101", "county": "Dawson", "state": "NE", "metro": null},
    {"zip": "69301", "county": "Keith", "state": "NE", "metro": null},
    {"zip": "68701", "county": "Madison", "state": "NE", "metro": null},
    {"zip": "69201", "county": "Scotts Bluff", "state": "NE", "metro": null},
    {"zip": "68601", "county": "Platte", "state": "NE", "metro": null},
    
    {"zip": "89101", "county": "Clark", "state": "NV", "metro": "Las Vegas-Henderson-Paradise"},
    {"zip": "89501", "county": "Washoe", "state": "NV", "metro": "Reno"},
    {"zip": "89701", "county": "Carson City", "state": "NV", "metro": null},
    {"zip": "89801", "county": "Elko", "state": "NV", "metro": null},
    {"zip": "89406", "county": "Churchill", "state": "NV", "metro": null},
    {"zip": "89815", "county": "White Pine", "state": "NV", "metro": null},
    {"zip": "89410", "county": "Douglas", "state": "NV", "metro": null},
    {"zip": "89301", "county": "Lincoln", "state": "NV", "metro": null},
    
    {"zip": "03101", "county": "Hillsborough", "state": "NH", "metro": "Manchester-Nashua"},
    {"zip": "03801", "county": "Rockingham", "state": "NH", "metro": "Boston-Cambridge-Newton"},
    {"zip": "03301", "county": "Merrimack", "state": "NH", "metro": null},
    {"zip": "03820", "county": "Strafford", "state": "NH", "metro": null},
    {"zip": "03570", "county": "Grafton", "state": "NH", "metro": null},
    {"zip": "03743", "county": "Sullivan", "state": "NH", "metro": null},
    {"zip": "03101", "county": "Hillsborough", "state": "NH", "metro": "Manchester-Nashua"},
    {"zip": "03031", "county": "Cheshire", "state": "NH", "metro": null},
    {"zip": "03860", "county": "Carroll", "state": "NH", "metro": null},
    {"zip": "03581", "county": "Coos", "state": "NH", "metro": null},
    
    {"zip": "07101", "county": "Essex", "state": "NJ", "metro": "New York-Newark-Jersey City"},
    {"zip": "08608", "county": "Mercer", "state": "NJ", "metro": "Trenton-Princeton"},
    {"zip": "07302", "county": "Hudson", "state": "NJ", "metro": "New York-Newark-Jersey City"},
    {"zip": "08401", "county": "Atlantic", "state": "NJ", "metro": "Atlantic City-Hammonton"},
    {"zip": "08901", "county": "Middlesex", "state": "NJ", "metro": "New York-Newark-Jersey City"},
    {"zip": "07960", "county": "Morris", "state": "NJ", "metro": "New York-Newark-Jersey City"},
    {"zip": "08002", "county": "Camden", "state": "NJ", "metro": "Philadelphia-Camden-Wilmington"},
    {"zip": "08003", "county": "Burlington", "state": "NJ", "metro": "Philadelphia-Camden-Wilmington"},
    {"zip": "08701", "county": "Ocean", "state": "NJ", "metro": "New York-Newark-Jersey City"},
    {"zip": "07960", "county": "Somerset", "state": "NJ", "metro": "New York-Newark-Jersey City"},
    
    {"zip": "87101", "county": "Bernalillo", "state": "NM", "metro": "Albuquerque"},
    {"zip": "88001", "county": "Dona Ana", "state": "NM", "metro": "Las Cruces"},
    {"zip": "87501", "county": "Santa Fe", "state": "NM", "metro": "Santa Fe"},
    {"zip": "88201", "county": "Eddy", "state": "NM", "metro": null},
    {"zip": "87301", "county": "McKinley", "state": "NM", "metro": null},
    {"zip": "87401", "county": "San Juan", "state": "NM", "metro": "Farmington"},
    {"zip": "88101", "county": "Chaves", "state": "NM", "metro": null},
    {"zip": "88220", "county": "Lea", "state": "NM", "metro": null},
    {"zip": "87701", "county": "Colfax", "state": "NM", "metro": null},
    {"zip": "87801", "county": "Socorro", "state": "NM", "metro": null},
    
    {"zip": "10001", "county": "New York", "state": "NY", "metro": "New York-Newark-Jersey City"},
    {"zip": "14201", "county": "Erie", "state": "NY", "metro": "Buffalo-Cheektowaga"},
    {"zip": "13201", "county": "Onondaga", "state": "NY", "metro": "Syracuse"},
    {"zip": "12207", "county": "Albany", "state": "NY", "metro": "Albany-Schenectady-Troy"},
    {"zip": "14604", "county": "Monroe", "state": "NY", "metro": "Rochester"},
    {"zip": "11201", "county": "Kings", "state": "NY", "metro": "New York-Newark-Jersey City"},
    {"zip": "10451", "county": "Bronx", "state": "NY", "metro": "New York-Newark-Jersey City"},
    {"zip": "11354", "county": "Queens", "state": "NY", "metro": "New York-Newark-Jersey City"},
    {"zip": "10301", "county": "Richmond", "state": "NY", "metro": "New York-Newark-Jersey City"},
    {"zip": "11530", "county": "Nassau", "state": "NY", "metro": "New York-Newark-Jersey City"},
    {"zip": "10601", "county": "Westchester", "state": "NY", "metro": "New York-Newark-Jersey City"},
    {"zip": "12401", "county": "Ulster", "state": "NY", "metro": null},
    {"zip": "13601", "county": "Jefferson", "state": "NY", "metro": null},
    {"zip": "13790", "county": "Broome", "state": "NY", "metro": "Binghamton"},
    
    {"zip": "28201", "county": "Mecklenburg", "state": "NC", "metro": "Charlotte-Concord-Gastonia"},
    {"zip": "27601", "county": "Wake", "state": "NC", "metro": "Raleigh-Cary"},
    {"zip": "27101", "county": "Forsyth", "state": "NC", "metro": "Winston-Salem"},
    {"zip": "28401", "county": "New Hanover", "state": "NC", "metro": "Wilmington"},
    {"zip": "27514", "county": "Durham", "state": "NC", "metro": "Durham-Chapel Hill"},
    {"zip": "27801", "county": "Edgecombe", "state": "NC", "metro": null},
    {"zip": "28501", "county": "Craven", "state": "NC", "metro": "New Bern"},
    {"zip": "28601", "county": "Burke", "state": "NC", "metro": null},
    {"zip": "28901", "county": "Cherokee", "state": "NC", "metro": null},
    {"zip": "27030", "county": "Guilford", "state": "NC", "metro": "Greensboro-High Point"},
    
    {"zip": "58101", "county": "Cass", "state": "ND", "metro": "Fargo"},
    {"zip": "58501", "county": "Burleigh", "state": "ND", "metro": "Bismarck"},
    {"zip": "58201", "county": "Grand Forks", "state": "ND", "metro": "Grand Forks"},
    {"zip": "58701", "county": "Ward", "state": "ND", "metro": "Minot"},
    {"zip": "58801", "county": "Williams", "state": "ND", "metro": null},
    {"zip": "58301", "county": "Stark", "state": "ND", "metro": null},
    {"zip": "58401", "county": "Stutsman", "state": "ND", "metro": null},
    {"zip": "58601", "county": "McKenzie", "state": "ND", "metro": null},
    
    {"zip": "43201", "county": "Franklin", "state": "OH", "metro": "Columbus"},
    {"zip": "45201", "county": "Hamilton", "state": "OH", "metro": "Cincinnati"},
    {"zip": "44101", "county": "Cuyahoga", "state": "OH", "metro": "Cleveland-Elyria"},
    {"zip": "43601", "county": "Lucas", "state": "OH", "metro": "Toledo"},
    {"zip": "44301", "county": "Summit", "state": "OH", "metro": "Akron"},
    {"zip": "45402", "county": "Montgomery", "state": "OH", "metro": "Dayton-Kettering"},
    {"zip": "44502", "county": "Mahoning", "state": "OH", "metro": "Youngstown-Warren-Boardman"},
    {"zip": "43920", "county": "Jefferson", "state": "OH", "metro": "Weirton-Steubenville"},
    {"zip": "45801", "county": "Allen", "state": "OH", "metro": null},
    {"zip": "44805", "county": "Richland", "state": "OH", "metro": null},
    
    {"zip": "73101", "county": "Oklahoma", "state": "OK", "metro": "Oklahoma City"},
    {"zip": "74101", "county": "Tulsa", "state": "OK", "metro": "Tulsa"},
    {"zip": "73401", "county": "Carter", "state": "OK", "metro": null},
    {"zip": "73701", "county": "Garfield", "state": "OK", "metro": null},
    {"zip": "74601", "county": "Kay", "state": "OK", "metro": null},
    {"zip": "73801", "county": "Woodward", "state": "OK", "metro": null},
    {"zip": "74501", "county": "Muskogee", "state": "OK", "metro": null},
    {"zip": "73901", "county": "Texas", "state": "OK", "metro": null},
    {"zip": "74701", "county": "Bryan", "state": "OK", "metro": null},
    {"zip": "73501", "county": "Comanche", "state": "OK", "metro": "Lawton"},
    
    {"zip": "97201", "county": "Multnomah", "state": "OR", "metro": "Portland-Vancouver-Hillsboro"},
    {"zip": "97401", "county": "Lane", "state": "OR", "metro": "Eugene-Springfield"},
    {"zip": "97701", "county": "Deschutes", "state": "OR", "metro": "Bend"},
    {"zip": "97301", "county": "Marion", "state": "OR", "metro": "Salem"},
    {"zip": "97501", "county": "Jackson", "state": "OR", "metro": "Medford"},
    {"zip": "97601", "county": "Klamath", "state": "OR", "metro": null},
    {"zip": "97801", "county": "Umatilla", "state": "OR", "metro": null},
    {"zip": "97001", "county": "Clackamas", "state": "OR", "metro": "Portland-Vancouver-Hillsboro"},
    {"zip": "97031", "county": "Hood River", "state": "OR", "metro": null},
    {"zip": "97101", "county": "Yamhill", "state": "OR", "metro": null},
    
    {"zip": "19101", "county": "Philadelphia", "state": "PA", "metro": "Philadelphia-Camden-Wilmington"},
    {"zip": "15201", "county": "Allegheny", "state": "PA", "metro": "Pittsburgh"},
    {"zip": "17101", "county": "Dauphin", "state": "PA", "metro": "Harrisburg-Carlisle"},
    {"zip": "18015", "county": "Lehigh", "state": "PA", "metro": "Allentown-Bethlehem-Easton"},
    {"zip": "16501", "county": "Erie", "state": "PA", "metro": "Erie"},
    {"zip": "18501", "county": "Lackawanna", "state": "PA", "metro": "Scranton-Wilkes-Barre"},
    {"zip": "17701", "county": "Lycoming", "state": "PA", "metro": null},
    {"zip": "19601", "county": "Berks", "state": "PA", "metro": "Reading"},
    {"zip": "17201", "county": "Franklin", "state": "PA", "metro": null},
    {"zip": "16101", "county": "Butler", "state": "PA", "metro": "Pittsburgh"},
    
    {"zip": "02901", "county": "Providence", "state": "RI", "metro": "Providence-Warwick"},
    {"zip": "02840", "county": "Newport", "state": "RI", "metro": "Providence-Warwick"},
    {"zip": "02813", "county": "Washington", "state": "RI", "metro": "Providence-Warwick"},
    {"zip": "02814", "county": "Kent", "state": "RI", "metro": "Providence-Warwick"},
    {"zip": "02804", "county": "Bristol", "state": "RI", "metro": "Providence-Warwick"},
    
    {"zip": "29201", "county": "Richland", "state": "SC", "metro": "Columbia"},
    {"zip": "29401", "county": "Charleston", "state": "SC", "metro": "Charleston-North Charleston"},
    {"zip": "29601", "county": "Greenville", "state": "SC", "metro": "Greenville-Anderson"},
    {"zip": "29501", "county": "Florence", "state": "SC", "metro": "Florence"},
    {"zip": "29801", "county": "Aiken", "state": "SC", "metro": "Augusta-Richmond County"},
    {"zip": "29301", "county": "Spartanburg", "state": "SC", "metro": "Spartanburg"},
    {"zip": "29902", "county": "Beaufort", "state": "SC", "metro": "Hilton Head Island-Bluffton"},
    {"zip": "29101", "county": "Sumter", "state": "SC", "metro": "Sumter"},
    {"zip": "29621", "county": "Anderson", "state": "SC", "metro": "Greenville-Anderson"},
    {"zip": "29720", "county": "York", "state": "SC", "metro": "Charlotte-Concord-Gastonia"},
    
    {"zip": "57101", "county": "Minnehaha", "state": "SD", "metro": "Sioux Falls"},
    {"zip": "57501", "county": "Pennington", "state": "SD", "metro": "Rapid City"},
    {"zip": "57401", "county": "Brown", "state": "SD", "metro": null},
    {"zip": "57301", "county": "Davison", "state": "SD", "metro": null},
    {"zip": "57201", "county": "Codington", "state": "SD", "metro": null},
    {"zip": "57701", "county": "Meade", "state": "SD", "metro": "Rapid City"},
    {"zip": "57601", "county": "Lawrence", "state": "SD", "metro": null},
    {"zip": "57001", "county": "Lincoln", "state": "SD", "metro": "Sioux Falls"},
    
    {"zip": "37201", "county": "Davidson", "state": "TN", "metro": "Nashville-Davidson-Murfreesboro-Franklin"},
    {"zip": "38101", "county": "Shelby", "state": "TN", "metro": "Memphis"},
    {"zip": "37901", "county": "Knox", "state": "TN", "metro": "Knoxville"},
    {"zip": "37402", "county": "Hamilton", "state": "TN", "metro": "Chattanooga"},
    {"zip": "37601", "county": "Sullivan", "state": "TN", "metro": "Kingsport-Bristol"},
    {"zip": "38301", "county": "Madison", "state": "TN", "metro": "Jackson"},
    {"zip": "38401", "county": "Maury", "state": "TN", "metro": null},
    {"zip": "37334", "county": "Coffee", "state": "TN", "metro": null},
    {"zip": "38501", "county": "Putnam", "state": "TN", "metro": null},
    {"zip": "37701", "county": "Sevier", "state": "TN", "metro": null},
    
    {"zip": "77001", "county": "Harris", "state": "TX", "metro": "Houston-The Woodlands-Sugar Land"},
    {"zip": "78701", "county": "Travis", "state": "TX", "metro": "Austin-Round Rock-Georgetown"},
    {"zip": "75201", "county": "Dallas", "state": "TX", "metro": "Dallas-Fort Worth-Arlington"},
    {"zip": "79901", "county": "El Paso", "state": "TX", "metro": "El Paso"},
    {"zip": "76101", "county": "Tarrant", "state": "TX", "metro": "Dallas-Fort Worth-Arlington"},
    {"zip": "78201", "county": "Bexar", "state": "TX", "metro": "San Antonio-New Braunfels"},
    {"zip": "79101", "county": "Potter", "state": "TX", "metro": "Amarillo"},
    {"zip": "79601", "county": "Taylor", "state": "TX", "metro": "Abilene"},
    {"zip": "76501", "county": "Bell", "state": "TX", "metro": "Killeen-Temple"},
    {"zip": "77901", "county": "Victoria", "state": "TX", "metro": null},
    {"zip": "75401", "county": "Grayson", "state": "TX", "metro": null},
    {"zip": "78501", "county": "Hidalgo", "state": "TX", "metro": "McAllen-Edinburg-Mission"},
    {"zip": "76301", "county": "Wichita", "state": "TX", "metro": "Wichita Falls"},
    {"zip": "79701", "county": "Midland", "state": "TX", "metro": "Midland"},
    {"zip": "79761", "county": "Ector", "state": "TX", "metro": "Odessa"},
    
    {"zip": "84101", "county": "Salt Lake", "state": "UT", "metro": "Salt Lake City"},
    {"zip": "84601", "county": "Utah", "state": "UT", "metro": "Provo-Orem"},
    {"zip": "84401", "county": "Weber", "state": "UT", "metro": "Ogden-Clearfield"},
    {"zip": "84770", "county": "Washington", "state": "UT", "metro": "St. George"},
    {"zip": "84321", "county": "Cache", "state": "UT", "metro": "Logan"},
    {"zip": "84010", "county": "Davis", "state": "UT", "metro": "Salt Lake City"},
    {"zip": "84501", "county": "Carbon", "state": "UT", "metro": null},
    {"zip": "84301", "county": "Box Elder", "state": "UT", "metro": null},
    
    {"zip": "05401", "county": "Chittenden", "state": "VT", "metro": "Burlington-South Burlington"},
    {"zip": "05601", "county": "Washington", "state": "VT", "metro": null},
    {"zip": "05701", "county": "Rutland", "state": "VT", "metro": null},
    {"zip": "05301", "county": "Windham", "state": "VT", "metro": null},
    {"zip": "05401", "county": "Franklin", "state": "VT", "metro": null},
    {"zip": "05901", "county": "Orleans", "state": "VT", "metro": null},
    
    {"zip": "23219", "county": "Richmond City", "state": "VA", "metro": "Richmond"},
    {"zip": "23510", "county": "Norfolk City", "state": "VA", "metro": "Virginia Beach-Norfolk-Newport News"},
    {"zip": "22201", "county": "Arlington", "state": "VA", "metro": "Washington-Arlington-Alexandria"},
    {"zip": "24016", "county": "Roanoke City", "state": "VA", "metro": "Roanoke"},
    {"zip": "22401", "county": "Spotsylvania", "state": "VA", "metro": null},
    {"zip": "24201", "county": "Washington", "state": "VA", "metro": null},
    {"zip": "23320", "county": "Chesapeake City", "state": "VA", "metro": "Virginia Beach-Norfolk-Newport News"},
    {"zip": "22801", "county": "Rockingham", "state": "VA", "metro": "Harrisonburg"},
    {"zip": "23666", "county": "Hampton City", "state": "VA", "metro": "Virginia Beach-Norfolk-Newport News"},
    {"zip": "20109", "county": "Fairfax", "state": "VA", "metro": "Washington-Arlington-Alexandria"},
    
    {"zip": "98101", "county": "King", "state": "WA", "metro": "Seattle-Tacoma-Bellevue"},
    {"zip": "99201", "county": "Spokane", "state": "WA", "metro": "Spokane-Spokane Valley"},
    {"zip": "98401", "county": "Pierce", "state": "WA", "metro": "Seattle-Tacoma-Bellevue"},
    {"zip": "98501", "county": "Thurston", "state": "WA", "metro": "Olympia-Lacey-Tumwater"},
    {"zip": "98660", "county": "Clark", "state": "WA", "metro": "Portland-Vancouver-Hillsboro"},
    {"zip": "98801", "county": "Chelan", "state": "WA", "metro": "Wenatchee"},
    {"zip": "99301", "county": "Benton", "state": "WA", "metro": "Kennewick-Richland"},
    {"zip": "98225", "county": "Whatcom", "state": "WA", "metro": "Bellingham"},
    {"zip": "98901", "county": "Yakima", "state": "WA", "metro": "Yakima"},
    {"zip": "98004", "county": "Snohomish", "state": "WA", "metro": "Seattle-Tacoma-Bellevue"},
    
    {"zip": "25301", "county": "Kanawha", "state": "WV", "metro": "Charleston"},
    {"zip": "26101", "county": "Wood", "state": "WV", "metro": "Parkersburg-Vienna"},
    {"zip": "25401", "county": "Berkeley", "state": "WV", "metro": "Hagerstown-Martinsburg"},
    {"zip": "26301", "county": "Harrison", "state": "WV", "metro": null},
    {"zip": "25801", "county": "Raleigh", "state": "WV", "metro": null},
    {"zip": "25701", "county": "Cabell", "state": "WV", "metro": "Huntington-Ashland"},
    {"zip": "26501", "county": "Monongalia", "state": "WV", "metro": "Morgantown"},
    {"zip": "24701", "county": "McDowell", "state": "WV", "metro": null},
    
    {"zip": "53201", "county": "Milwaukee", "state": "WI", "metro": "Milwaukee-Waukesha"},
    {"zip": "53701", "county": "Dane", "state": "WI", "metro": "Madison"},
    {"zip": "54901", "county": "Winnebago", "state": "WI", "metro": "Oshkosh-Neenah"},
    {"zip": "54301", "county": "Brown", "state": "WI", "metro": "Green Bay"},
    {"zip": "53511", "county": "Rock", "state": "WI", "metro": "Janesville-Beloit"},
    {"zip": "54401", "county": "Marathon", "state": "WI", "metro": "Wausau-Weston"},
    {"zip": "53081", "county": "Sheboygan", "state": "WI", "metro": "Sheboygan"},
    {"zip": "53140", "county": "Kenosha", "state": "WI", "metro": "Chicago-Naperville-Elgin"},
    {"zip": "54701", "county": "Eau Claire", "state": "WI", "metro": "Eau Claire"},
    {"zip": "53801", "county": "Grant", "state": "WI", "metro": null},
    
    {"zip": "82001", "county": "Laramie", "state": "WY", "metro": "Cheyenne"},
    {"zip": "82601", "county": "Natrona", "state": "WY", "metro": "Casper"},
    {"zip": "82801", "county": "Sheridan", "state": "WY", "metro": null},
    {"zip": "82901", "county": "Sweetwater", "state": "WY", "metro": null},
    {"zip": "82701", "county": "Campbell", "state": "WY", "metro": null},
    {"zip": "82501", "county": "Fremont", "state": "WY", "metro": null},
    {"zip": "82401", "county": "Big Horn", "state": "WY", "metro": null},
    {"zip": "82301", "county": "Carbon", "state": "WY", "metro": null}
  ]
}
